LotFrontage,LotArea,YearBuilt,SalePrice,OverallQual,BedroomAbvGr,IR1,IR2,IR3,Reg,Gtl,Mod,Sev,1Fam,2fmCon,Duplex,Twnhs,TwnhsE,Flat,Gable,Gambrel,Hip,Mansard,BrkTil,CBlock,PConc,Slab,Stone,Wood,cluster_labels
-0.16683907403676715,-0.2716429561035636,-0.20733926221594878,-0.7890425463424495,-0.7911874505110054,-1.0662349883724185,1.0,0.0,0.0,0.0,1.0,0.0,0.0,1.0,0.0,0.0,0.0,0.0,0.0,1.0,0.0,0.0,0.0,0.0,1.0,0.0,0.0,0.0,0.0,0
0.12152772189808052,-0.11143700821822927,0.6749085816152366,-0.4051414205373809,-0.08627934363881148,-1.0662349883724185,0.0,0.0,0.0,1.0,1.0,0.0,0.0,1.0,0.0,0.0,0.0,0.0,0.0,1.0,0.0,0.0,0.0,0.0,0.0,1.0,0.0,0.0,0.0,1
-0.12564381747464604,0.7995528420107484,0.958488245703832,0.07593467773709567,0.6186287632333825,0.16862346971367084,0.0,1.0,0.0,0.0,1.0,0.0,0.0,1.0,0.0,0.0,0.0,0.0,0.0,1.0,0.0,0.0,0.0,0.0,0.0,1.0,0.0,0.0,0.0,1
0.2039182350223227,-0.02546360356108768,-0.11281270751975035,-0.5431058876235775,-0.7911874505110054,0.16862346971367084,0.0,0.0,0.0,1.0,1.0,0.0,0.0,1.0,0.0,0.0,0.0,0.0,0.0,1.0,0.0,0.0,0.0,0.0,0.0,1.0,0.0,0.0,0.0,4
0.6158708006435336,0.08878886518298448,1.021505948834631,1.238435274315569,1.3235368701055763,0.16862346971367084,1.0,0.0,0.0,0.0,1.0,0.0,0.0,1.0,0.0,0.0,0.0,0.0,0.0,1.0,0.0,0.0,0.0,0.0,0.0,1.0,0.0,0.0,0.0,1
-0.4140106134094937,0.02301479201650758,-0.9635516997855363,-0.8610240074308999,-0.7911874505110054,-1.0662349883724185,0.0,0.0,0.0,1.0,1.0,0.0,0.0,1.0,0.0,0.0,0.0,0.0,0.0,1.0,0.0,0.0,0.0,0.0,1.0,0.0,0.0,0.0,0.0,0
2.057704780317772,0.7144631581063233,1.1160325035308294,0.6293521444054648,1.3235368701055763,0.16862346971367084,0.0,0.0,0.0,1.0,1.0,0.0,0.0,1.0,0.0,0.0,0.0,0.0,0.0,1.0,0.0,0.0,0.0,0.0,0.0,1.0,0.0,0.0,0.0,1
1.0690186228268657,0.3184300150674787,1.1475413550962288,2.941996520075561,2.733353083849964,0.16862346971367084,0.0,0.0,0.0,1.0,1.0,0.0,0.0,1.0,0.0,0.0,0.0,0.0,0.0,1.0,0.0,0.0,0.0,0.0,0.0,1.0,0.0,0.0,0.0,5
0.2039182350223227,0.47446985083286347,-0.6484631841315415,-0.3451568696303389,-0.7911874505110054,1.4034819277997603,0.0,0.0,0.0,1.0,1.0,0.0,0.0,1.0,0.0,0.0,0.0,0.0,0.0,1.0,0.0,0.0,0.0,0.0,1.0,0.0,0.0,0.0,0.0,4
0.8218470834541391,0.5974332812822848,0.6118908784844377,1.0932726611205275,0.6186287632333825,0.16862346971367084,1.0,0.0,0.0,0.0,1.0,0.0,0.0,1.0,0.0,0.0,0.0,0.0,0.0,0.0,0.0,1.0,0.0,0.0,1.0,0.0,0.0,0.0,0.0,5
-1.6498683102731266,-0.595842226528732,-1.4361844732665285,-1.292912773961602,-0.7911874505110054,-1.0662349883724185,0.0,0.0,1.0,0.0,1.0,0.0,0.0,1.0,0.0,0.0,0.0,0.0,0.0,1.0,0.0,0.0,0.0,1.0,0.0,0.0,0.0,0.0,0.0,0
-0.8259631790307046,-0.4988854353735414,-1.593728731093526,-0.8670224625216041,-1.4960955573831993,-1.0662349883724185,0.0,0.0,0.0,1.0,1.0,0.0,0.0,1.0,0.0,0.0,0.0,0.0,0.0,0.0,0.0,1.0,0.0,0.0,0.0,1.0,0.0,0.0,0.0,0
-0.0020580477882827593,0.20884864173062276,-0.04979500438895139,-0.5491043427142817,-0.7911874505110054,2.63834038588585,1.0,0.0,0.0,0.0,0.0,0.0,1.0,1.0,0.0,0.0,0.0,0.0,0.0,1.0,0.0,0.0,0.0,0.0,0.0,1.0,0.0,0.0,0.0,4
2.098900036879893,0.7710212862801844,0.6433997300498372,0.9505094299617676,1.3235368701055763,1.4034819277997603,0.0,0.0,0.0,1.0,1.0,0.0,0.0,1.0,0.0,0.0,0.0,0.0,0.0,0.0,0.0,1.0,0.0,0.0,1.0,0.0,0.0,0.0,0.0,7
0.4098945178329282,0.05659618061973763,0.17076695656884497,-0.3451568696303389,0.6186287632333825,0.16862346971367084,0.0,0.0,0.0,1.0,1.0,0.0,0.0,1.0,0.0,0.0,0.0,0.0,0.0,1.0,0.0,0.0,0.0,0.0,1.0,0.0,0.0,0.0,0.0,4
-0.08444856091252495,0.1171941750917317,-0.6484631841315415,-0.6690734445283656,-0.7911874505110054,0.16862346971367084,0.0,0.0,0.0,1.0,1.0,0.0,0.0,0.0,1.0,0.0,0.0,0.0,0.0,1.0,0.0,0.0,0.0,0.0,1.0,0.0,0.0,0.0,0.0,4
0.6570660572056548,0.5865761406060525,1.1475413550962288,0.39865156161698145,-0.08627934363881148,1.4034819277997603,1.0,0.0,0.0,0.0,1.0,0.0,0.0,1.0,0.0,0.0,0.0,0.0,0.0,1.0,0.0,0.0,0.0,0.0,0.0,1.0,0.0,0.0,0.0,1
-0.0020580477882827593,-0.09868618021474719,-0.1758304106505493,-0.4891197918072397,-0.7911874505110054,-1.0662349883724185,0.0,0.0,0.0,1.0,1.0,0.0,0.0,1.0,0.0,0.0,0.0,0.0,0.0,0.0,0.0,1.0,0.0,0.0,1.0,0.0,0.0,0.0,0.0,0
-0.6199868962200992,-0.6882541680985229,-1.215622512308732,-0.25597183934174894,-0.7911874505110054,0.16862346971367084,0.0,1.0,0.0,0.0,1.0,0.0,0.0,1.0,0.0,0.0,0.0,0.0,0.0,1.0,0.0,0.0,0.0,1.0,0.0,0.0,0.0,0.0,0.0,2
-0.8259631790307046,-0.46038045971946184,-1.0265694029163352,-0.7320572229807596,-0.7911874505110054,-1.0662349883724185,0.0,0.0,0.0,1.0,1.0,0.0,0.0,1.0,0.0,0.0,0.0,0.0,0.0,1.0,0.0,0.0,0.0,0.0,0.0,1.0,0.0,0.0,0.0,0
-0.7023774093443413,-0.745948508668734,0.20227580813424445,-0.6390811690748446,-0.08627934363881148,-1.0662349883724185,0.0,0.0,0.0,1.0,1.0,0.0,0.0,0.0,0.0,0.0,0.0,1.0,0.0,1.0,0.0,0.0,0.0,0.0,1.0,0.0,0.0,0.0,0.0,6
-1.485087284024642,-0.5770315990780505,1.0845236519654298,0.1827071783516304,-0.08627934363881148,-2.3010934464585078,1.0,0.0,0.0,0.0,1.0,0.0,0.0,0.0,0.0,0.0,1.0,0.0,0.0,1.0,0.0,0.0,0.0,0.0,0.0,1.0,0.0,0.0,0.0,6
-0.20803433059888823,-0.37352333430960366,-0.3018658169121472,-0.5491043427142817,-0.7911874505110054,0.16862346971367084,0.0,0.0,0.0,1.0,1.0,0.0,0.0,1.0,0.0,0.0,0.0,0.0,0.0,1.0,0.0,0.0,0.0,0.0,1.0,0.0,0.0,0.0,0.0,4
0.8630423400162602,0.21351973713783895,-0.04979500438895139,0.23069481907726394,-0.7911874505110054,3.873198843971939,0.0,0.0,0.0,1.0,1.0,0.0,0.0,0.0,0.0,1.0,0.0,0.0,0.0,1.0,0.0,0.0,0.0,0.0,1.0,0.0,0.0,0.0,0.0,4
1.23379964907535,-0.05702505901525126,-0.20733926221594878,-0.18919703727202983,-0.08627934363881148,1.4034819277997603,0.0,0.0,0.0,1.0,1.0,0.0,0.0,1.0,0.0,0.0,0.0,0.0,0.0,1.0,0.0,0.0,0.0,0.0,1.0,0.0,0.0,0.0,0.0,4
-1.1143299749655524,-0.8546461612528733,1.0845236519654298,-0.24678220614279012,0.6186287632333825,-1.0662349883724185,0.0,0.0,0.0,1.0,1.0,0.0,0.0,0.0,0.0,0.0,0.0,1.0,0.0,1.0,0.0,0.0,0.0,0.0,0.0,1.0,0.0,0.0,0.0,6
-0.4140106134094937,-0.020918753975688126,-1.530711027962727,-1.076968390696251,-2.201003664255393,0.16862346971367084,0.0,0.0,0.0,1.0,1.0,0.0,0.0,1.0,0.0,0.0,0.0,0.0,0.0,0.0,0.0,1.0,0.0,1.0,0.0,0.0,0.0,0.0,0.0,0
-0.29042484372313043,0.7100445543427404,-1.7512729889205232,-0.045234115095129104,-0.08627934363881148,1.4034819277997603,0.0,0.0,0.0,1.0,1.0,0.0,0.0,1.0,0.0,0.0,0.0,0.0,0.0,1.0,0.0,0.0,0.0,1.0,0.0,0.0,0.0,0.0,0.0,2
0.6570660572056548,0.05407126418340454,0.48585547222283976,1.4423827473995117,0.6186287632333825,1.4034819277997603,1.0,0.0,0.0,0.0,1.0,0.0,0.0,1.0,0.0,0.0,0.0,0.0,0.0,1.0,0.0,0.0,0.0,0.0,1.0,0.0,0.0,0.0,0.0,1
-0.20803433059888823,-0.08063302769496562,1.0530148004000304,0.11072571726318002,0.6186287632333825,0.16862346971367084,1.0,0.0,0.0,0.0,1.0,0.0,0.0,1.0,0.0,0.0,0.0,0.0,0.0,1.0,0.0,0.0,0.0,0.0,0.0,1.0,0.0,0.0,0.0,1
-0.04325330435040385,-0.298154578685061,-0.27035696534674775,-0.13521094145569204,-0.7911874505110054,1.4034819277997603,0.0,0.0,0.0,1.0,1.0,0.0,0.0,1.0,0.0,0.0,0.0,0.0,0.0,1.0,0.0,0.0,0.0,0.0,1.0,0.0,0.0,0.0,0.0,4
-1.2379157446519156,-0.7160282488981868,-1.8142906920513222,-1.0847663823141664,-0.7911874505110054,-1.0662349883724185,0.0,0.0,0.0,1.0,1.0,0.0,0.0,1.0,0.0,0.0,0.0,0.0,0.0,1.0,0.0,0.0,0.0,0.0,0.0,1.0,0.0,0.0,0.0,0
-0.990744205279189,1.3372337971278792,0.48585547222283976,0.41064847179838987,0.6186287632333825,0.16862346971367084,1.0,0.0,0.0,0.0,1.0,0.0,0.0,1.0,0.0,0.0,0.0,0.0,0.0,1.0,0.0,0.0,0.0,0.0,1.0,0.0,0.0,0.0,0.0,1
-0.4140106134094937,0.057858638837904174,-1.7197641373551238,-0.5491043427142817,-0.7911874505110054,0.16862346971367084,0.0,0.0,0.0,1.0,1.0,0.0,0.0,1.0,0.0,0.0,0.0,0.0,0.0,1.0,0.0,0.0,0.0,0.0,1.0,0.0,0.0,0.0,0.0,2
-0.20803433059888823,-0.4938356025008752,-0.4909189263045441,-1.1849405823289265,-1.4960955573831993,-1.0662349883724185,0.0,0.0,0.0,1.0,1.0,0.0,0.0,0.0,0.0,1.0,0.0,0.0,0.0,1.0,0.0,0.0,0.0,0.0,0.0,1.0,0.0,0.0,0.0,0
-0.20803433059888823,0.5118386140905932,0.9899970972692315,0.140717992716701,0.6186287632333825,0.16862346971367084,1.0,0.0,0.0,0.0,1.0,0.0,0.0,1.0,0.0,0.0,0.0,0.0,0.0,1.0,0.0,0.0,0.0,0.0,0.0,1.0,0.0,0.0,0.0,1
0.12152772189808052,-0.11181574568367925,0.895470542573033,0.5906021245195158,1.3235368701055763,0.16862346971367084,1.0,0.0,0.0,0.0,1.0,0.0,0.0,1.0,0.0,0.0,0.0,0.0,0.0,1.0,0.0,0.0,0.0,0.0,0.0,1.0,0.0,0.0,0.0,1
-0.0020580477882827593,-0.30194195333956064,-0.3963923716083457,-0.5011167019886481,-0.7911874505110054,0.16862346971367084,0.0,0.0,0.0,1.0,1.0,0.0,0.0,1.0,0.0,0.0,0.0,0.0,0.0,0.0,0.0,1.0,0.0,0.0,1.0,0.0,0.0,0.0,0.0,4
0.08033246533595943,-0.12014796992357843,-0.45941007473914464,-0.5011167019886481,-0.08627934363881148,-1.0662349883724185,0.0,0.0,0.0,1.0,1.0,0.0,0.0,1.0,0.0,0.0,0.0,0.0,0.0,1.0,0.0,0.0,0.0,0.0,1.0,0.0,0.0,0.0,0.0,0
2.057704780317772,0.05104136445980484,0.1392581050034455,-0.7050641750725908,-0.7911874505110054,0.16862346971367084,0.0,0.0,0.0,1.0,1.0,0.0,0.0,1.0,0.0,0.0,0.0,0.0,0.0,1.0,0.0,0.0,0.0,0.0,1.0,0.0,0.0,0.0,0.0,4
-0.6611821527822203,-0.29840707032869435,-1.593728731093526,0.2318945100954048,0.6186287632333825,1.4034819277997603,0.0,0.0,0.0,1.0,1.0,0.0,0.0,1.0,0.0,0.0,0.0,0.0,0.0,1.0,0.0,0.0,0.0,1.0,0.0,0.0,0.0,0.0,0.0,2
-1.2379157446519156,0.46979875542564725,-0.27035696534674775,-0.4423318420997469,-0.7911874505110054,0.16862346971367084,1.0,0.0,0.0,0.0,1.0,0.0,0.0,1.0,0.0,0.0,0.0,0.0,0.0,1.0,0.0,0.0,0.0,0.0,1.0,0.0,0.0,0.0,0.0,4
0.16272297846020162,-0.17620111481017295,1.1160325035308294,0.15871335798881359,0.6186287632333825,-1.0662349883724185,0.0,0.0,0.0,1.0,1.0,0.0,0.0,1.0,0.0,0.0,0.0,0.0,0.0,1.0,0.0,0.0,0.0,0.0,0.0,1.0,0.0,0.0,0.0,1
0.08033246533595943,0.09005132340115103,1.021505948834631,0.5426144837938822,0.6186287632333825,0.16862346971367084,1.0,0.0,0.0,0.0,1.0,0.0,0.0,1.0,0.0,0.0,0.0,0.0,0.0,1.0,0.0,0.0,0.0,0.0,0.0,1.0,0.0,0.0,0.0,1
-0.08444856091252495,5.090143342271562,0.3283112143958424,2.450123202637817,2.02844497697777,-3.5359519045445973,1.0,0.0,0.0,0.0,1.0,0.0,0.0,1.0,0.0,0.0,0.0,0.0,0.0,1.0,0.0,0.0,0.0,0.0,1.0,0.0,0.0,0.0,0.0,5
1.4809711884480767,0.15683536314216118,0.9269793941384324,0.59660057961022,1.3235368701055763,0.16862346971367084,1.0,0.0,0.0,0.0,1.0,0.0,0.0,1.0,0.0,0.0,0.0,0.0,0.0,1.0,0.0,0.0,0.0,0.0,0.0,1.0,0.0,0.0,0.0,1
-0.4552058699716148,-0.21319114060245267,-1.593728731093526,-0.7482530517256609,-0.08627934363881148,-1.0662349883724185,0.0,0.0,0.0,1.0,0.0,1.0,0.0,1.0,0.0,0.0,0.0,0.0,0.0,1.0,0.0,0.0,0.0,1.0,0.0,0.0,0.0,0.0,0.0,0
-0.0020580477882827593,-0.10752338774191299,0.958488245703832,-0.03323720491372071,0.6186287632333825,0.16862346971367084,0.0,0.0,0.0,1.0,1.0,0.0,0.0,1.0,0.0,0.0,0.0,0.0,0.0,1.0,0.0,0.0,0.0,0.0,0.0,1.0,0.0,0.0,0.0,1
-0.8259631790307046,-0.4824734785373763,-1.467693324831928,-0.8550255523401957,-0.7911874505110054,-1.0662349883724185,0.0,0.0,0.0,1.0,1.0,0.0,0.0,1.0,0.0,0.0,0.0,0.0,0.0,1.0,0.0,0.0,0.0,1.0,0.0,0.0,0.0,0.0,0.0,0
-0.20803433059888823,-0.1895831719227383,1.021505948834631,0.05074116635613805,0.6186287632333825,0.16862346971367084,0.0,0.0,0.0,1.0,1.0,0.0,0.0,1.0,0.0,0.0,0.0,0.0,0.0,1.0,0.0,0.0,0.0,0.0,0.0,1.0,0.0,0.0,0.0,1
-0.8259631790307046,-0.5620083462818686,-1.3101490670049305,-0.6090888936213236,-0.7911874505110054,0.16862346971367084,0.0,0.0,0.0,1.0,1.0,0.0,0.0,1.0,0.0,0.0,0.0,0.0,0.0,1.0,0.0,0.0,0.0,1.0,0.0,0.0,0.0,0.0,0.0,2
1.5221664450101977,0.4973203445816779,1.1475413550962288,2.2989861281724338,1.3235368701055763,-1.0662349883724185,0.0,0.0,0.0,1.0,1.0,0.0,0.0,1.0,0.0,0.0,0.0,0.0,0.0,0.0,0.0,1.0,0.0,0.0,0.0,1.0,0.0,0.0,0.0,5
1.5221664450101977,0.1780446612073591,1.0530148004000304,1.1904476335899354,1.3235368701055763,0.16862346971367084,1.0,0.0,0.0,0.0,1.0,0.0,0.0,1.0,0.0,0.0,0.0,0.0,0.0,1.0,0.0,0.0,0.0,0.0,0.0,1.0,0.0,0.0,0.0,5
-0.20803433059888823,-0.23061306401315096,1.1160325035308294,0.7225681365150081,0.6186287632333825,-1.0662349883724185,0.0,0.0,0.0,1.0,1.0,0.0,0.0,1.0,0.0,0.0,0.0,0.0,0.0,1.0,0.0,0.0,0.0,0.0,0.0,1.0,0.0,0.0,0.0,1
0.4098945178329282,0.05659618061973763,0.04473155030724705,-0.18739750074481856,-0.08627934363881148,1.4034819277997603,0.0,0.0,0.0,1.0,1.0,0.0,0.0,1.0,0.0,0.0,0.0,0.0,0.0,1.0,0.0,0.0,0.0,0.0,1.0,0.0,0.0,0.0,0.0,4
0.49228503095717036,-0.06308485846245067,0.832452839442234,2.006237525925706,1.3235368701055763,0.16862346971367084,0.0,0.0,0.0,1.0,1.0,0.0,0.0,1.0,0.0,0.0,0.0,0.0,0.0,1.0,0.0,0.0,0.0,0.0,0.0,1.0,0.0,0.0,0.0,5
-1.443892027462521,-0.7848322217882634,0.895470542573033,0.03754456515658881,0.6186287632333825,0.16862346971367084,0.0,0.0,0.0,1.0,1.0,0.0,0.0,0.0,0.0,0.0,0.0,1.0,0.0,0.0,0.0,1.0,0.0,0.0,0.0,1.0,0.0,0.0,0.0,6
0.6158708006435336,0.13852971897874627,1.1475413550962288,-0.01044307556904476,1.3235368701055763,0.16862346971367084,0.0,0.0,0.0,1.0,1.0,0.0,0.0,1.0,0.0,0.0,0.0,0.0,0.0,1.0,0.0,0.0,0.0,0.0,0.0,1.0,0.0,0.0,0.0,1
-0.7847679224685835,-0.6614900538733922,-0.7744985903931394,-0.7098629391451541,-1.4960955573831993,0.16862346971367084,1.0,0.0,0.0,0.0,0.0,1.0,0.0,1.0,0.0,0.0,0.0,0.0,0.0,1.0,0.0,0.0,0.0,0.0,1.0,0.0,0.0,0.0,0.0,0
2.057704780317772,0.4767422756255632,-1.1210959576125337,0.6505866754265577,-0.08627934363881148,1.4034819277997603,0.0,0.0,0.0,1.0,1.0,0.0,0.0,1.0,0.0,0.0,0.0,0.0,0.0,0.0,0.0,1.0,0.0,0.0,1.0,0.0,0.0,0.0,0.0,7
0.327504004708686,0.03210449118730669,1.1475413550962288,0.7705557772406416,1.3235368701055763,0.16862346971367084,0.0,0.0,0.0,1.0,1.0,0.0,0.0,1.0,0.0,0.0,0.0,0.0,0.0,1.0,0.0,0.0,0.0,0.0,0.0,1.0,0.0,0.0,0.0,1
-1.8970398496458531,-0.9379684036518652,1.0530148004000304,-0.6090888936213236,-0.08627934363881148,0.16862346971367084,0.0,0.0,0.0,1.0,1.0,0.0,0.0,0.0,0.0,0.0,1.0,0.0,0.0,1.0,0.0,0.0,0.0,0.0,0.0,1.0,0.0,0.0,0.0,6
-0.7847679224685835,-0.24273266290754977,1.0845236519654298,-0.05723102527653749,-0.08627934363881148,0.16862346971367084,1.0,0.0,0.0,0.0,1.0,0.0,0.0,1.0,0.0,0.0,0.0,0.0,0.0,1.0,0.0,0.0,0.0,0.0,0.0,1.0,0.0,0.0,0.0,1
0.2039182350223227,0.054323755827037856,-0.3963923716083457,-0.4891197918072397,-0.08627934363881148,-1.0662349883724185,0.0,0.0,0.0,1.0,1.0,0.0,0.0,0.0,1.0,0.0,0.0,0.0,0.0,0.0,0.0,1.0,0.0,0.0,1.0,0.0,0.0,0.0,0.0,0
3.705515042802616,0.7159781079681232,0.8009439878768345,6.769010867944838,2.733353083849964,1.4034819277997603,1.0,0.0,0.0,0.0,1.0,0.0,0.0,1.0,0.0,0.0,0.0,0.0,0.0,0.0,0.0,1.0,0.0,0.0,0.0,1.0,0.0,0.0,0.0,5
1.23379964907535,0.7133269457099735,-0.36488352004294616,1.298419825222611,0.6186287632333825,-2.3010934464585078,1.0,0.0,0.0,0.0,1.0,0.0,0.0,1.0,0.0,0.0,0.0,0.0,0.0,1.0,0.0,0.0,0.0,0.0,1.0,0.0,0.0,0.0,0.0,7
1.1514091359511078,0.192689176538091,1.1475413550962288,1.5023672983065537,1.3235368701055763,0.16862346971367084,0.0,0.0,0.0,1.0,1.0,0.0,0.0,1.0,0.0,0.0,0.0,0.0,0.0,1.0,0.0,0.0,0.0,0.0,0.0,1.0,0.0,0.0,0.0,5
0.9042375965783813,0.2589682329918345,1.2105590582270278,1.0644800766851472,1.3235368701055763,1.4034819277997603,0.0,0.0,0.0,1.0,1.0,0.0,0.0,1.0,0.0,0.0,0.0,0.0,0.0,1.0,0.0,0.0,0.0,0.0,0.0,1.0,0.0,0.0,0.0,1
0.6158708006435336,0.2893934760496482,1.021505948834631,1.4903703881251453,1.3235368701055763,1.4034819277997603,0.0,0.0,0.0,1.0,1.0,0.0,0.0,1.0,0.0,0.0,0.0,0.0,0.0,0.0,0.0,1.0,0.0,0.0,0.0,1.0,0.0,0.0,0.0,5
-1.03193946184131,-0.2150848279297025,-1.6567464342243248,-0.7770456361610412,-0.7911874505110054,0.16862346971367084,0.0,0.0,0.0,1.0,1.0,0.0,0.0,1.0,0.0,0.0,0.0,0.0,0.0,1.0,0.0,0.0,0.0,1.0,0.0,0.0,0.0,0.0,0.0,2
0.2039182350223227,-0.018772575004805003,1.0845236519654298,0.551012320920868,0.6186287632333825,0.16862346971367084,0.0,0.0,0.0,1.0,1.0,0.0,0.0,1.0,0.0,0.0,0.0,0.0,0.0,1.0,0.0,0.0,0.0,0.0,0.0,1.0,0.0,0.0,0.0,1
-1.8970398496458531,-0.9224401675684166,0.895470542573033,-0.09922021091146688,1.3235368701055763,0.16862346971367084,0.0,0.0,0.0,1.0,1.0,0.0,0.0,0.0,0.0,0.0,1.0,0.0,0.0,1.0,0.0,0.0,0.0,0.0,0.0,1.0,0.0,0.0,0.0,6
-1.4026967709004,-0.9700348423932953,1.021505948834631,-0.09322175582076268,0.6186287632333825,-1.0662349883724185,0.0,0.0,0.0,1.0,1.0,0.0,0.0,0.0,0.0,0.0,1.0,0.0,0.0,1.0,0.0,0.0,0.0,0.0,0.0,1.0,0.0,0.0,0.0,6
-0.4140106134094937,-0.15423434181407508,-1.7512729889205232,-0.3262617360946207,-0.08627934363881148,0.16862346971367084,0.0,0.0,0.0,1.0,1.0,0.0,0.0,1.0,0.0,0.0,0.0,0.0,0.0,1.0,0.0,0.0,0.0,1.0,0.0,0.0,0.0,0.0,0.0,2
-0.7023774093443413,-0.7456960170251006,1.1160325035308294,0.7894869015069041,0.6186287632333825,-1.0662349883724185,0.0,0.0,0.0,1.0,1.0,0.0,0.0,0.0,0.0,0.0,0.0,1.0,0.0,0.0,0.0,1.0,0.0,0.0,0.0,1.0,0.0,0.0,0.0,6
-0.20803433059888823,-0.35332400281893894,0.6749085816152366,-0.05843071629467834,-0.08627934363881148,0.16862346971367084,0.0,0.0,0.0,1.0,1.0,0.0,0.0,1.0,0.0,0.0,0.0,0.0,0.0,1.0,0.0,0.0,0.0,0.0,0.0,1.0,0.0,0.0,0.0,1
-0.0020580477882827593,-0.18061971857375586,-0.11281270751975035,-0.6690734445283656,-0.7911874505110054,0.16862346971367084,0.0,0.0,0.0,1.0,1.0,0.0,0.0,1.0,0.0,0.0,0.0,0.0,0.0,1.0,0.0,0.0,0.0,0.0,1.0,0.0,0.0,0.0,0.0,4
2.7992193984359517,1.0198518010808102,-0.7744985903931394,0.23669327416796815,-0.7911874505110054,0.16862346971367084,1.0,0.0,0.0,0.0,1.0,0.0,0.0,1.0,0.0,0.0,0.0,0.0,0.0,1.0,0.0,0.0,0.0,0.0,1.0,0.0,0.0,0.0,0.0,7
-0.8259631790307046,-0.12014796992357843,-1.0580782544817346,-0.4771228816258313,-0.08627934363881148,0.16862346971367084,0.0,0.0,0.0,1.0,1.0,0.0,0.0,1.0,0.0,0.0,0.0,0.0,0.0,1.0,0.0,0.0,0.0,0.0,0.0,1.0,0.0,0.0,0.0,2
-0.7847679224685835,-0.7974568039699289,1.1475413550962288,-0.05843071629467834,0.6186287632333825,-2.3010934464585078,0.0,0.0,0.0,1.0,1.0,0.0,0.0,0.0,0.0,0.0,0.0,1.0,0.0,0.0,0.0,1.0,0.0,0.0,0.0,1.0,0.0,0.0,0.0,6
0.2039182350223227,-0.12014796992357843,1.1160325035308294,1.0704785317758516,1.3235368701055763,0.16862346971367084,0.0,0.0,0.0,1.0,1.0,0.0,0.0,1.0,0.0,0.0,0.0,0.0,0.0,1.0,0.0,0.0,0.0,0.0,0.0,1.0,0.0,0.0,0.0,1
-0.7847679224685835,-0.4772973998428935,-1.4361844732665285,-0.5197119127698311,-0.08627934363881148,0.16862346971367084,0.0,0.0,0.0,1.0,1.0,0.0,0.0,1.0,0.0,0.0,0.0,0.0,0.0,1.0,0.0,0.0,0.0,1.0,0.0,0.0,0.0,0.0,0.0,2
-0.20803433059888823,-0.1495632464068589,1.0845236519654298,-0.1893170063738439,0.6186287632333825,0.16862346971367084,1.0,0.0,0.0,0.0,1.0,0.0,0.0,1.0,0.0,0.0,0.0,0.0,0.0,1.0,0.0,0.0,0.0,0.0,0.0,1.0,0.0,0.0,0.0,1
0.16272297846020162,-0.04288552697178598,1.1790502066616284,0.7657570131680783,1.3235368701055763,0.16862346971367084,0.0,0.0,0.0,1.0,1.0,0.0,0.0,1.0,0.0,0.0,0.0,0.0,0.0,1.0,0.0,0.0,0.0,0.0,0.0,1.0,0.0,0.0,0.0,1
0.2039182350223227,0.32272237300924494,-0.9635516997855363,-0.2491815881790718,-0.08627934363881148,1.4034819277997603,1.0,0.0,0.0,0.0,1.0,0.0,0.0,1.0,0.0,0.0,0.0,0.0,0.0,1.0,0.0,0.0,0.0,0.0,1.0,0.0,0.0,0.0,0.0,4
0.03913720877383833,0.28497487228606533,0.958488245703832,0.41064847179838987,-0.08627934363881148,0.16862346971367084,1.0,0.0,0.0,0.0,1.0,0.0,0.0,1.0,0.0,0.0,0.0,0.0,0.0,1.0,0.0,0.0,0.0,0.0,0.0,1.0,0.0,0.0,0.0,1
0.28630874814656493,-0.07974930694224903,-0.36488352004294616,-0.6216856493118024,-1.4960955573831993,0.16862346971367084,1.0,0.0,0.0,0.0,1.0,0.0,0.0,1.0,0.0,0.0,0.0,0.0,0.0,1.0,0.0,0.0,0.0,0.0,1.0,0.0,0.0,0.0,0.0,4
2.8816099115601936,1.159732171653663,-0.6169543325661421,-0.4771228816258313,-1.4960955573831993,-1.0662349883724185,0.0,0.0,0.0,1.0,1.0,0.0,0.0,1.0,0.0,0.0,0.0,0.0,0.0,1.0,0.0,0.0,0.0,0.0,1.0,0.0,0.0,0.0,0.0,7
0.45108977439504927,-0.035310777662786716,0.4228377690920408,-0.3451568696303389,-0.08627934363881148,0.16862346971367084,0.0,0.0,0.0,1.0,1.0,0.0,0.0,1.0,0.0,0.0,0.0,0.0,0.0,0.0,0.0,1.0,0.0,0.0,0.0,1.0,0.0,0.0,0.0,4
-0.08444856091252495,0.10318088887008307,1.1475413550962288,0.3746577412541647,1.3235368701055763,0.16862346971367084,1.0,0.0,0.0,0.0,1.0,0.0,0.0,1.0,0.0,0.0,0.0,0.0,0.0,1.0,0.0,0.0,0.0,0.0,0.0,1.0,0.0,0.0,0.0,1
-1.361501514338279,-0.6964601465166054,1.021505948834631,-0.531108977442169,-0.08627934363881148,-2.3010934464585078,0.0,0.0,0.0,1.0,1.0,0.0,0.0,0.0,0.0,0.0,0.0,1.0,0.0,1.0,0.0,0.0,0.0,0.0,0.0,1.0,0.0,0.0,0.0,6
0.4098945178329282,0.2080911667997228,-0.3333746684775467,-0.3175639762130996,-0.7911874505110054,2.63834038588585,0.0,0.0,0.0,1.0,1.0,0.0,0.0,0.0,0.0,1.0,0.0,0.0,0.0,1.0,0.0,0.0,0.0,0.0,1.0,0.0,0.0,0.0,0.0,4
-0.4140106134094937,0.10709450934639936,-1.7512729889205232,-0.5011167019886481,-0.7911874505110054,1.4034819277997603,0.0,0.0,0.0,1.0,1.0,0.0,0.0,1.0,0.0,0.0,0.0,0.0,0.0,1.0,0.0,0.0,0.0,0.0,0.0,1.0,0.0,0.0,0.0,2
-0.4140106134094937,-0.0099353674776392,-0.01828615282355191,-0.621085803802732,-1.4960955573831993,0.16862346971367084,0.0,0.0,0.0,1.0,1.0,0.0,0.0,0.0,1.0,0.0,0.0,0.0,0.0,1.0,0.0,0.0,0.0,0.0,1.0,0.0,0.0,0.0,0.0,4
0.327504004708686,0.023772266947407507,0.107749253438046,0.0027535256305044726,-0.08627934363881148,0.16862346971367084,0.0,0.0,0.0,1.0,1.0,0.0,0.0,1.0,0.0,0.0,0.0,0.0,0.0,0.0,0.0,1.0,0.0,0.0,1.0,0.0,0.0,0.0,0.0,4
0.4098945178329282,0.09712108942288367,-0.36488352004294616,-0.46512597144442286,-0.08627934363881148,0.16862346971367084,1.0,0.0,0.0,0.0,1.0,0.0,0.0,1.0,0.0,0.0,0.0,0.0,0.0,0.0,0.0,1.0,0.0,0.0,1.0,0.0,0.0,0.0,0.0,4
-2.0206256193322165,-1.0442673856214881,0.04473155030724705,-1.0349792050613216,-0.08627934363881148,-1.0662349883724185,0.0,0.0,0.0,1.0,1.0,0.0,0.0,0.0,0.0,0.0,1.0,0.0,0.0,1.0,0.0,0.0,0.0,0.0,1.0,0.0,0.0,0.0,0.0,6
0.7806518268920181,0.09194501072840085,-0.6169543325661421,-0.5143133031881973,-0.7911874505110054,1.4034819277997603,0.0,0.0,0.0,1.0,1.0,0.0,0.0,1.0,0.0,0.0,0.0,0.0,0.0,0.0,0.0,1.0,0.0,0.0,1.0,0.0,0.0,0.0,0.0,4
0.4098945178329282,0.011273930587558727,0.6749085816152366,0.47063302270543184,1.3235368701055763,0.16862346971367084,1.0,0.0,0.0,0.0,1.0,0.0,0.0,1.0,0.0,0.0,0.0,0.0,0.0,1.0,0.0,0.0,0.0,0.0,0.0,1.0,0.0,0.0,0.0,1
-0.08444856091252495,-0.12835394834166095,0.9899970972692315,0.17071026817022197,0.6186287632333825,0.16862346971367084,1.0,0.0,0.0,0.0,1.0,0.0,0.0,1.0,0.0,0.0,0.0,0.0,0.0,1.0,0.0,0.0,0.0,0.0,0.0,1.0,0.0,0.0,0.0,1
0.4098945178329282,-0.09489880556024756,0.8639616910076335,1.6103394899392292,1.3235368701055763,1.4034819277997603,0.0,0.0,0.0,1.0,1.0,0.0,0.0,1.0,0.0,0.0,0.0,0.0,0.0,1.0,0.0,0.0,0.0,0.0,0.0,1.0,0.0,0.0,0.0,5
-1.443892027462521,-0.7924069710972627,1.0845236519654298,-0.39314451035597253,-0.08627934363881148,-1.0662349883724185,0.0,0.0,0.0,1.0,1.0,0.0,0.0,0.0,0.0,0.0,0.0,1.0,0.0,1.0,0.0,0.0,0.0,0.0,0.0,1.0,0.0,0.0,0.0,6
0.4098945178329282,0.05924734287788737,0.5488731753536388,0.18870563344233457,0.6186287632333825,0.16862346971367084,0.0,0.0,0.0,1.0,1.0,0.0,0.0,1.0,0.0,0.0,0.0,0.0,0.0,1.0,0.0,0.0,0.0,0.0,1.0,0.0,0.0,0.0,0.0,4
-0.4140106134094937,0.6858053565539428,1.0530148004000304,0.03874425617472965,0.6186287632333825,0.16862346971367084,1.0,0.0,0.0,0.0,1.0,0.0,0.0,1.0,0.0,0.0,0.0,0.0,0.0,1.0,0.0,0.0,0.0,0.0,0.0,1.0,0.0,0.0,0.0,1
-0.12564381747464604,-0.1356762060070269,-1.0265694029163352,-0.9689961990635754,-1.4960955573831993,-1.0662349883724185,0.0,0.0,0.0,1.0,0.0,1.0,0.0,1.0,0.0,0.0,0.0,0.0,0.0,1.0,0.0,0.0,0.0,0.0,1.0,0.0,0.0,0.0,0.0,0
-2.0206256193322165,-1.0442673856214881,0.01322269874184757,-0.8250332768866747,-0.7911874505110054,0.16862346971367084,0.0,0.0,0.0,1.0,1.0,0.0,0.0,0.0,0.0,0.0,1.0,0.0,0.0,1.0,0.0,0.0,0.0,0.0,1.0,0.0,0.0,0.0,0.0,6
1.3985806753238346,1.4623434065481835,0.7379262847460356,6.888979969758922,2.733353083849964,1.4034819277997603,1.0,0.0,0.0,0.0,1.0,0.0,0.0,1.0,0.0,0.0,0.0,0.0,0.0,1.0,0.0,0.0,0.0,0.0,0.0,1.0,0.0,0.0,0.0,5
0.49228503095717036,-0.06586226654241706,0.895470542573033,1.874271513930214,1.3235368701055763,0.16862346971367084,0.0,0.0,0.0,1.0,1.0,0.0,0.0,1.0,0.0,0.0,0.0,0.0,0.0,1.0,0.0,0.0,0.0,0.0,0.0,1.0,0.0,0.0,0.0,5
0.2039182350223227,-0.24588880845296612,1.2105590582270278,0.9917188164349054,1.3235368701055763,0.16862346971367084,1.0,0.0,0.0,0.0,1.0,0.0,0.0,1.0,0.0,0.0,0.0,0.0,0.0,1.0,0.0,0.0,0.0,0.0,0.0,1.0,0.0,0.0,0.0,1
1.1102138793889869,0.44518082017139965,1.1790502066616284,3.2533163392831086,2.733353083849964,0.16862346971367084,1.0,0.0,0.0,0.0,1.0,0.0,0.0,1.0,0.0,0.0,0.0,0.0,0.0,1.0,0.0,0.0,0.0,0.0,0.0,1.0,0.0,0.0,0.0,5
0.2039182350223227,-0.02546360356108768,0.9269793941384324,0.3866546514355731,0.6186287632333825,0.16862346971367084,0.0,0.0,0.0,1.0,1.0,0.0,0.0,1.0,0.0,0.0,0.0,0.0,0.0,1.0,0.0,0.0,0.0,0.0,0.0,1.0,0.0,0.0,0.0,1
1.23379964907535,0.3848353173430389,-0.08130385595435087,0.1527149028981094,-0.08627934363881148,1.4034819277997603,0.0,0.0,0.0,1.0,1.0,0.0,0.0,1.0,0.0,0.0,0.0,0.0,0.0,1.0,0.0,0.0,0.0,0.0,1.0,0.0,0.0,0.0,0.0,4
-0.29042484372313043,-0.2621745194673145,1.021505948834631,-0.009243384550903922,0.6186287632333825,0.16862346971367084,0.0,0.0,0.0,1.0,1.0,0.0,0.0,1.0,0.0,0.0,0.0,0.0,0.0,1.0,0.0,0.0,0.0,0.0,0.0,1.0,0.0,0.0,0.0,1
0.2039182350223227,-0.12014796992357843,1.1790502066616284,0.9805017054152886,1.3235368701055763,0.16862346971367084,0.0,0.0,0.0,1.0,1.0,0.0,0.0,1.0,0.0,0.0,0.0,0.0,0.0,1.0,0.0,0.0,0.0,0.0,0.0,1.0,0.0,0.0,0.0,1
-0.4140106134094937,-0.1777160646719728,-0.6484631841315415,-1.04697611524273,-2.201003664255393,-1.0662349883724185,0.0,0.0,0.0,1.0,1.0,0.0,0.0,0.0,0.0,1.0,0.0,0.0,0.0,1.0,0.0,0.0,0.0,0.0,1.0,0.0,0.0,0.0,0.0,0
-0.4964011265337359,0.9029481700785882,1.1160325035308294,-0.013262349461675732,0.6186287632333825,0.16862346971367084,1.0,0.0,0.0,0.0,1.0,0.0,0.0,1.0,0.0,0.0,0.0,0.0,0.0,1.0,0.0,0.0,0.0,0.0,0.0,1.0,0.0,0.0,0.0,1
-1.485087284024642,-0.8013704244462452,1.1475413550962288,-0.4171383307187893,0.6186287632333825,-1.0662349883724185,0.0,0.0,0.0,1.0,1.0,0.0,0.0,0.0,0.0,0.0,0.0,1.0,0.0,1.0,0.0,0.0,0.0,0.0,0.0,1.0,0.0,0.0,0.0,6
-1.2379157446519156,-0.5700880788781344,-1.530711027962727,-0.6630749894376614,-1.4960955573831993,0.16862346971367084,0.0,0.0,0.0,1.0,1.0,0.0,0.0,1.0,0.0,0.0,0.0,0.0,0.0,1.0,0.0,0.0,0.0,1.0,0.0,0.0,0.0,0.0,0.0,2
-1.361501514338279,-0.254347278514682,0.4228377690920408,-0.4591275163537187,-0.08627934363881148,0.16862346971367084,1.0,0.0,0.0,0.0,1.0,0.0,0.0,1.0,0.0,0.0,0.0,0.0,0.0,1.0,0.0,0.0,0.0,0.0,1.0,0.0,0.0,0.0,0.0,4
-0.4140106134094937,-0.5253970579550388,-1.7512729889205232,-0.8802190637211533,-2.201003664255393,0.16862346971367084,0.0,0.0,0.0,1.0,1.0,0.0,0.0,1.0,0.0,0.0,0.0,0.0,0.0,0.0,1.0,0.0,0.0,0.0,1.0,0.0,0.0,0.0,0.0,0
0.4098945178329282,-0.04440047683358583,-0.04979500438895139,-0.4891197918072397,0.6186287632333825,0.16862346971367084,0.0,0.0,0.0,1.0,1.0,0.0,0.0,1.0,0.0,0.0,0.0,0.0,0.0,0.0,0.0,1.0,0.0,0.0,1.0,0.0,0.0,0.0,0.0,4
-0.949548948717068,-0.6746196193423242,-0.8060074419585389,-1.2089344026917432,-1.4960955573831993,-1.0662349883724185,0.0,0.0,0.0,1.0,1.0,0.0,0.0,1.0,0.0,0.0,0.0,0.0,0.0,1.0,0.0,0.0,0.0,0.0,1.0,0.0,0.0,0.0,0.0,0
0.8218470834541391,-0.574632928463534,-0.5224277778699435,-0.7650487259796327,-0.7911874505110054,-1.0662349883724185,0.0,0.0,0.0,1.0,1.0,0.0,0.0,1.0,0.0,0.0,0.0,0.0,0.0,1.0,0.0,0.0,0.0,0.0,1.0,0.0,0.0,0.0,0.0,0
-0.7847679224685835,-0.4837359367555429,-1.2471313638741317,-0.6102885846394644,0.6186287632333825,-1.0662349883724185,0.0,0.0,0.0,1.0,1.0,0.0,0.0,1.0,0.0,0.0,0.0,0.0,0.0,1.0,0.0,0.0,0.0,1.0,0.0,0.0,0.0,0.0,0.0,0
-0.8259631790307046,-0.17064629865024017,-1.0580782544817346,-0.7350564505261117,-0.08627934363881148,0.16862346971367084,0.0,0.0,0.0,1.0,1.0,0.0,0.0,1.0,0.0,0.0,0.0,0.0,0.0,1.0,0.0,0.0,0.0,1.0,0.0,0.0,0.0,0.0,0.0,2
-0.0020580477882827593,0.4227090638880352,-0.45941007473914464,-0.5850950732585068,-0.7911874505110054,-1.0662349883724185,0.0,0.0,0.0,1.0,1.0,0.0,0.0,1.0,0.0,0.0,0.0,0.0,0.0,0.0,0.0,1.0,0.0,0.0,1.0,0.0,0.0,0.0,0.0,0
-0.8259631790307046,-0.4988854353735414,-1.5622198795281264,-1.1009622110590678,-0.7911874505110054,-1.0662349883724185,0.0,0.0,0.0,1.0,1.0,0.0,0.0,1.0,0.0,0.0,0.0,0.0,0.0,1.0,0.0,0.0,0.0,0.0,1.0,0.0,0.0,0.0,0.0,0
-0.4140106134094937,-0.2973971037541611,-0.5854454810007426,-0.6750718996190698,-0.7911874505110054,1.4034819277997603,0.0,0.0,0.0,1.0,1.0,0.0,0.0,0.0,0.0,1.0,0.0,0.0,0.0,0.0,0.0,1.0,0.0,0.0,1.0,0.0,0.0,0.0,0.0,4
-1.8970398496458531,-0.9379684036518652,1.0530148004000304,-0.5191120672607606,0.6186287632333825,0.16862346971367084,0.0,0.0,0.0,1.0,1.0,0.0,0.0,0.0,0.0,0.0,1.0,0.0,0.0,1.0,0.0,0.0,0.0,0.0,0.0,1.0,0.0,0.0,0.0,6
2.098900036879893,0.9745295510486313,-2.791065090578706,-0.15320630672780464,1.3235368701055763,1.4034819277997603,0.0,0.0,0.0,1.0,1.0,0.0,0.0,1.0,0.0,0.0,0.0,0.0,0.0,1.0,0.0,0.0,0.0,1.0,0.0,0.0,0.0,0.0,0.0,2
-0.4140106134094937,-0.3473904491935562,-1.593728731093526,-0.956999288882167,-0.7911874505110054,0.16862346971367084,0.0,0.0,0.0,1.0,1.0,0.0,0.0,1.0,0.0,0.0,0.0,0.0,0.0,1.0,0.0,0.0,0.0,1.0,0.0,0.0,0.0,0.0,0.0,2
-0.0020580477882827593,-0.19021440103182158,0.04473155030724705,-0.5730981630770984,-0.7911874505110054,-1.0662349883724185,0.0,0.0,0.0,1.0,1.0,0.0,0.0,1.0,0.0,0.0,0.0,0.0,0.0,1.0,0.0,0.0,0.0,0.0,1.0,0.0,0.0,0.0,0.0,0
0.03913720877383833,-0.3645598809606212,0.20227580813424445,-0.5491043427142817,-0.7911874505110054,0.16862346971367084,0.0,0.0,0.0,1.0,1.0,0.0,0.0,1.0,0.0,0.0,0.0,0.0,0.0,1.0,0.0,0.0,0.0,0.0,1.0,0.0,0.0,0.0,0.0,4
-1.5674777971488842,-0.6882541680985229,0.8639616910076335,-0.22518776781625502,-0.08627934363881148,-1.0662349883724185,0.0,0.0,0.0,1.0,1.0,0.0,0.0,0.0,0.0,0.0,0.0,1.0,0.0,0.0,0.0,1.0,0.0,0.0,0.0,1.0,0.0,0.0,0.0,6
-0.8259631790307046,-0.5083538720097904,-1.0580782544817346,-1.0953116663636244,-1.4960955573831993,-1.0662349883724185,0.0,0.0,0.0,1.0,1.0,0.0,0.0,1.0,0.0,0.0,0.0,0.0,0.0,0.0,0.0,1.0,0.0,1.0,0.0,0.0,0.0,0.0,0.0,0
-0.4140106134094937,-0.32845357592105806,-0.6169543325661421,-0.5011167019886481,-0.7911874505110054,-1.0662349883724185,0.0,0.0,0.0,1.0,1.0,0.0,0.0,1.0,0.0,0.0,0.0,0.0,0.0,1.0,0.0,0.0,0.0,0.0,1.0,0.0,0.0,0.0,0.0,0
-0.20803433059888823,0.6911076810702422,0.832452839442234,0.6085974897916283,-0.08627934363881148,0.16862346971367084,1.0,0.0,0.0,0.0,1.0,0.0,0.0,1.0,0.0,0.0,0.0,0.0,0.0,1.0,0.0,0.0,0.0,0.0,0.0,1.0,0.0,0.0,0.0,1
-0.8259631790307046,-0.1498157380504922,-1.0895871060471343,-0.8910162828844208,-1.4960955573831993,-1.0662349883724185,0.0,0.0,0.0,1.0,1.0,0.0,0.0,1.0,0.0,0.0,0.0,0.0,0.0,1.0,0.0,0.0,0.0,1.0,0.0,0.0,0.0,0.0,0.0,0
-1.443892027462521,-0.7924069710972627,1.0845236519654298,-0.4291352409001977,-0.7911874505110054,-1.0662349883724185,0.0,0.0,0.0,1.0,1.0,0.0,0.0,0.0,0.0,0.0,0.0,1.0,0.0,1.0,0.0,0.0,0.0,0.0,0.0,1.0,0.0,0.0,0.0,6
10.008389296807144,6.809106452127127,1.1790502066616284,-0.2491815881790718,2.733353083849964,0.16862346971367084,0.0,0.0,1.0,0.0,1.0,0.0,0.0,1.0,0.0,0.0,0.0,0.0,0.0,0.0,0.0,1.0,0.0,0.0,0.0,1.0,0.0,0.0,0.0,7
0.6570660572056548,0.2382639182139032,0.6118908784844377,0.9778623851753787,0.6186287632333825,1.4034819277997603,0.0,0.0,0.0,1.0,1.0,0.0,0.0,1.0,0.0,0.0,0.0,0.0,0.0,0.0,0.0,1.0,0.0,0.0,0.0,1.0,0.0,0.0,0.0,1
0.9042375965783813,0.25000477964285206,1.1475413550962288,0.652122279929778,1.3235368701055763,0.16862346971367084,0.0,0.0,0.0,1.0,1.0,0.0,0.0,1.0,0.0,0.0,0.0,0.0,0.0,1.0,0.0,0.0,0.0,0.0,0.0,1.0,0.0,0.0,0.0,1
2.3872668328147406,0.27878882701704927,-0.553936629435343,-0.37514914508385994,-0.08627934363881148,-1.0662349883724185,0.0,0.0,0.0,1.0,1.0,0.0,0.0,1.0,0.0,0.0,0.0,0.0,0.0,0.0,0.0,1.0,0.0,0.0,1.0,0.0,0.0,0.0,0.0,7
0.4098945178329282,-0.04440047683358583,-0.36488352004294616,-0.6750718996190698,-0.7911874505110054,0.16862346971367084,0.0,0.0,0.0,1.0,1.0,0.0,0.0,1.0,0.0,0.0,0.0,0.0,0.0,1.0,0.0,0.0,0.0,0.0,1.0,0.0,0.0,0.0,0.0,4
-0.4140106134094937,-0.4761611874465436,-1.404675621701129,-0.9450023787007586,-0.08627934363881148,-1.0662349883724185,0.0,0.0,0.0,1.0,1.0,0.0,0.0,1.0,0.0,0.0,0.0,0.0,0.0,1.0,0.0,0.0,0.0,1.0,0.0,0.0,0.0,0.0,0.0,0
-1.8970398496458531,-1.0018487894910921,-0.01828615282355191,-0.8970147379751251,-0.7911874505110054,0.16862346971367084,0.0,0.0,0.0,1.0,1.0,0.0,0.0,0.0,0.0,0.0,0.0,1.0,0.0,1.0,0.0,0.0,0.0,0.0,1.0,0.0,0.0,0.0,0.0,6
0.24511349158444382,-0.04553668922993572,1.0530148004000304,1.634333310302046,1.3235368701055763,1.4034819277997603,0.0,0.0,0.0,1.0,1.0,0.0,0.0,1.0,0.0,0.0,0.0,0.0,0.0,1.0,0.0,0.0,0.0,0.0,0.0,1.0,0.0,0.0,0.0,5
1.4397759318859555,0.4723236718619803,1.1160325035308294,2.390138651730775,2.02844497697777,0.16862346971367084,0.0,0.0,0.0,1.0,1.0,0.0,0.0,1.0,0.0,0.0,0.0,0.0,0.0,0.0,0.0,1.0,0.0,0.0,0.0,1.0,0.0,0.0,0.0,5
-0.537596383095857,1.504888248500396,0.8009439878768345,-0.0692279354579459,0.6186287632333825,0.16862346971367084,0.0,1.0,0.0,0.0,1.0,0.0,0.0,1.0,0.0,0.0,0.0,0.0,0.0,1.0,0.0,0.0,0.0,0.0,0.0,1.0,0.0,0.0,0.0,1
0.327504004708686,0.023772266947407507,0.17076695656884497,-0.21439054865298746,0.6186287632333825,1.4034819277997603,0.0,0.0,0.0,1.0,1.0,0.0,0.0,1.0,0.0,0.0,0.0,0.0,0.0,1.0,0.0,0.0,0.0,0.0,0.0,1.0,0.0,0.0,0.0,1
-0.20803433059888823,-0.23061306401315096,0.7379262847460356,0.1527149028981094,-0.08627934363881148,0.16862346971367084,0.0,0.0,0.0,1.0,1.0,0.0,0.0,1.0,0.0,0.0,0.0,0.0,0.0,1.0,0.0,0.0,0.0,0.0,0.0,1.0,0.0,0.0,0.0,1
-0.0020580477882827593,-0.19589546301357103,0.958488245703832,0.5546113939752906,1.3235368701055763,0.16862346971367084,0.0,0.0,0.0,1.0,1.0,0.0,0.0,1.0,0.0,0.0,0.0,0.0,0.0,1.0,0.0,0.0,0.0,0.0,0.0,1.0,0.0,0.0,0.0,1
0.4098945178329282,-0.04440047683358583,-0.6484631841315415,-0.741054905616816,-0.08627934363881148,0.16862346971367084,0.0,0.0,0.0,1.0,1.0,0.0,0.0,1.0,0.0,0.0,0.0,0.0,0.0,1.0,0.0,0.0,0.0,0.0,1.0,0.0,0.0,0.0,0.0,4
1.23379964907535,0.32827718916917775,1.0530148004000304,0.8893251880365848,0.6186287632333825,0.16862346971367084,0.0,0.0,0.0,1.0,1.0,0.0,0.0,1.0,0.0,0.0,0.0,0.0,0.0,1.0,0.0,0.0,0.0,0.0,0.0,1.0,0.0,0.0,0.0,1
-0.0020580477882827593,-0.10752338774191299,-0.1758304106505493,-0.7590502708889285,-0.7911874505110054,-1.0662349883724185,0.0,0.0,0.0,1.0,1.0,0.0,0.0,1.0,0.0,0.0,0.0,0.0,0.0,1.0,0.0,0.0,0.0,0.0,1.0,0.0,0.0,0.0,0.0,0
0.8630423400162602,0.08841012771753452,1.1160325035308294,1.1844491784992313,0.6186287632333825,0.16862346971367084,1.0,0.0,0.0,0.0,1.0,0.0,0.0,1.0,0.0,0.0,0.0,0.0,0.0,1.0,0.0,0.0,0.0,0.0,0.0,1.0,0.0,0.0,0.0,1
2.2224858065662563,0.7835196226400333,1.0845236519654298,0.9505094299617676,0.6186287632333825,0.16862346971367084,1.0,0.0,0.0,0.0,0.0,1.0,0.0,1.0,0.0,0.0,0.0,0.0,0.0,0.0,0.0,1.0,0.0,0.0,0.0,1.0,0.0,0.0,0.0,7
-0.20803433059888823,-0.12721773594531108,-0.11281270751975035,-0.681070354709774,-0.7911874505110054,1.4034819277997603,0.0,0.0,0.0,1.0,1.0,0.0,0.0,0.0,0.0,1.0,0.0,0.0,0.0,1.0,0.0,0.0,0.0,0.0,1.0,0.0,0.0,0.0,0.0,4
1.6045569581344399,-0.15499181674497503,-0.08130385595435087,-0.621085803802732,-0.7911874505110054,0.16862346971367084,0.0,0.0,0.0,1.0,1.0,0.0,0.0,1.0,0.0,0.0,0.0,0.0,0.0,1.0,0.0,0.0,0.0,0.0,1.0,0.0,0.0,0.0,0.0,4
0.45108977439504927,0.15961277122212755,1.1160325035308294,0.6217940909911776,1.3235368701055763,0.16862346971367084,0.0,0.0,0.0,1.0,1.0,0.0,0.0,1.0,0.0,0.0,0.0,0.0,0.0,1.0,0.0,0.0,0.0,0.0,0.0,1.0,0.0,0.0,0.0,1
-0.4140106134094937,-0.2246795103877682,-0.5224277778699435,-0.5491043427142817,-1.4960955573831993,1.4034819277997603,0.0,0.0,0.0,1.0,1.0,0.0,0.0,1.0,0.0,0.0,0.0,0.0,0.0,1.0,0.0,0.0,0.0,0.0,0.0,1.0,0.0,0.0,0.0,2
0.24511349158444382,-0.04553668922993572,1.0530148004000304,1.1292633916647525,1.3235368701055763,0.16862346971367084,0.0,0.0,0.0,1.0,1.0,0.0,0.0,1.0,0.0,0.0,0.0,0.0,0.0,0.0,0.0,1.0,0.0,0.0,0.0,1.0,0.0,0.0,0.0,5
-0.08444856091252495,-0.14362969278147614,1.1160325035308294,0.47063302270543184,0.6186287632333825,0.16862346971367084,0.0,0.0,0.0,1.0,1.0,0.0,0.0,1.0,0.0,0.0,0.0,0.0,0.0,1.0,0.0,0.0,0.0,0.0,0.0,1.0,0.0,0.0,0.0,1
-0.4964011265337359,0.11365929208086538,0.9269793941384324,-0.09322175582076268,-0.08627934363881148,0.16862346971367084,1.0,0.0,0.0,0.0,1.0,0.0,0.0,1.0,0.0,0.0,0.0,0.0,0.0,1.0,0.0,0.0,0.0,0.0,0.0,1.0,0.0,0.0,0.0,1
0.9454328531405024,0.2584632497045679,1.021505948834631,1.2504321844969775,1.3235368701055763,1.4034819277997603,0.0,0.0,0.0,1.0,1.0,0.0,0.0,1.0,0.0,0.0,0.0,0.0,0.0,0.0,0.0,1.0,0.0,0.0,0.0,1.0,0.0,0.0,0.0,5
-0.4140106134094937,-0.04440047683358583,-1.3416579185703301,-0.2371846779976634,0.6186287632333825,0.16862346971367084,0.0,0.0,0.0,1.0,1.0,0.0,0.0,1.0,0.0,0.0,0.0,0.0,0.0,0.0,1.0,0.0,0.0,1.0,0.0,0.0,0.0,0.0,0.0,2
0.6158708006435336,0.5255994086686084,0.7064174331806361,-0.4531290612630145,-0.7911874505110054,-2.3010934464585078,1.0,0.0,0.0,0.0,1.0,0.0,0.0,1.0,0.0,0.0,0.0,0.0,0.0,1.0,0.0,0.0,0.0,0.0,0.0,0.0,0.0,0.0,1.0,0
0.6158708006435336,0.08500149052848485,1.021505948834631,1.238435274315569,0.6186287632333825,0.16862346971367084,0.0,0.0,0.0,1.0,1.0,0.0,0.0,1.0,0.0,0.0,0.0,0.0,0.0,1.0,0.0,0.0,0.0,0.0,0.0,1.0,0.0,0.0,0.0,1
-0.0020580477882827593,-0.19589546301357103,-0.14432155908514982,-0.621085803802732,-0.08627934363881148,0.16862346971367084,0.0,0.0,0.0,1.0,1.0,0.0,0.0,1.0,0.0,0.0,0.0,0.0,0.0,1.0,0.0,0.0,0.0,0.0,1.0,0.0,0.0,0.0,0.0,4
-1.1143299749655524,-0.8759817051398878,1.0845236519654298,0.39253313742446316,0.6186287632333825,-1.0662349883724185,0.0,0.0,0.0,1.0,1.0,0.0,0.0,0.0,0.0,0.0,0.0,1.0,0.0,1.0,0.0,0.0,0.0,0.0,0.0,1.0,0.0,0.0,0.0,6
0.5334802875192914,0.02617093756192394,1.2105590582270278,2.572395711206731,2.02844497697777,0.16862346971367084,1.0,0.0,0.0,0.0,1.0,0.0,0.0,1.0,0.0,0.0,0.0,0.0,0.0,0.0,0.0,1.0,0.0,0.0,0.0,1.0,0.0,0.0,0.0,5
-0.3316201002852515,7.676920231294809,0.1392581050034455,1.1904476335899354,0.6186287632333825,-1.0662349883724185,1.0,0.0,0.0,0.0,0.0,1.0,0.0,1.0,0.0,0.0,0.0,0.0,0.0,1.0,0.0,0.0,0.0,0.0,1.0,0.0,0.0,0.0,0.0,7
0.8630423400162602,0.5493336231701395,0.7379262847460356,1.4483812024902158,1.3235368701055763,-1.0662349883724185,1.0,0.0,0.0,0.0,1.0,0.0,0.0,1.0,0.0,0.0,0.0,0.0,0.0,0.0,0.0,1.0,0.0,0.0,0.0,1.0,0.0,0.0,0.0,5
-0.6611821527822203,-0.3418356330336234,-0.01828615282355191,-0.6150873487120277,-0.7911874505110054,-1.0662349883724185,0.0,0.0,0.0,1.0,1.0,0.0,0.0,1.0,0.0,0.0,0.0,0.0,0.0,1.0,0.0,0.0,0.0,0.0,1.0,0.0,0.0,0.0,0.0,0
1.8105332409450454,0.6124565340784667,1.1475413550962288,2.450123202637817,2.733353083849964,-1.0662349883724185,0.0,0.0,0.0,1.0,1.0,0.0,0.0,1.0,0.0,0.0,0.0,0.0,0.0,0.0,0.0,1.0,0.0,0.0,0.0,1.0,0.0,0.0,0.0,5
0.2039182350223227,-0.053868913469834905,0.7694351363114351,-0.4411321510816061,-0.7911874505110054,0.16862346971367084,0.0,0.0,0.0,1.0,1.0,0.0,0.0,1.0,0.0,0.0,0.0,0.0,0.0,1.0,0.0,0.0,0.0,0.0,0.0,1.0,0.0,0.0,0.0,4
0.6158708006435336,0.5869548780715025,1.1160325035308294,1.6103394899392292,2.02844497697777,-1.0662349883724185,0.0,0.0,0.0,1.0,1.0,0.0,0.0,1.0,0.0,0.0,0.0,0.0,0.0,0.0,0.0,1.0,0.0,0.0,0.0,1.0,0.0,0.0,0.0,5
-0.7023774093443413,-0.7912707587009128,1.1475413550962288,-0.08122484563935428,0.6186287632333825,-1.0662349883724185,0.0,0.0,0.0,1.0,1.0,0.0,0.0,0.0,0.0,0.0,0.0,1.0,0.0,0.0,0.0,1.0,0.0,0.0,0.0,1.0,0.0,0.0,0.0,6
0.6158708006435336,0.029074591463706986,1.1160325035308294,1.3104167354040195,1.3235368701055763,0.16862346971367084,1.0,0.0,0.0,0.0,1.0,0.0,0.0,1.0,0.0,0.0,0.0,0.0,0.0,0.0,0.0,1.0,0.0,0.0,0.0,1.0,0.0,0.0,0.0,5
-1.2379157446519156,-0.39889874449475116,1.0845236519654298,0.2626665847107173,0.6186287632333825,-1.0662349883724185,1.0,0.0,0.0,0.0,1.0,0.0,0.0,0.0,0.0,0.0,0.0,1.0,0.0,1.0,0.0,0.0,0.0,0.0,0.0,1.0,0.0,0.0,0.0,6
-2.0206256193322165,-0.9764733793059447,-0.01828615282355191,-1.1129591212404761,-1.4960955573831993,0.16862346971367084,0.0,0.0,0.0,1.0,1.0,0.0,0.0,0.0,0.0,0.0,0.0,1.0,0.0,1.0,0.0,0.0,0.0,0.0,1.0,0.0,0.0,0.0,0.0,0
-0.16683907403676715,0.47257616350561366,1.021505948834631,-0.3091661390861138,-0.08627934363881148,0.16862346971367084,0.0,0.0,0.0,1.0,1.0,0.0,0.0,1.0,0.0,0.0,0.0,0.0,0.0,1.0,0.0,0.0,0.0,0.0,0.0,1.0,0.0,0.0,0.0,1
0.3686992612708071,0.08651644039028471,1.1475413550962288,1.3943951066738782,1.3235368701055763,0.16862346971367084,0.0,0.0,0.0,1.0,1.0,0.0,0.0,1.0,0.0,0.0,0.0,0.0,0.0,0.0,0.0,1.0,0.0,0.0,0.0,1.0,0.0,0.0,0.0,5
0.24511349158444382,-0.2067526036898033,0.35982006596124183,-0.6750718996190698,-0.7911874505110054,-1.0662349883724185,0.0,0.0,0.0,1.0,1.0,0.0,0.0,1.0,0.0,0.0,0.0,0.0,0.0,1.0,0.0,0.0,0.0,0.0,1.0,0.0,0.0,0.0,0.0,0
0.8218470834541391,0.17867589031644238,0.9899970972692315,0.8905248790547255,1.3235368701055763,0.16862346971367084,0.0,0.0,0.0,1.0,1.0,0.0,0.0,1.0,0.0,0.0,0.0,0.0,0.0,1.0,0.0,0.0,0.0,0.0,0.0,1.0,0.0,0.0,0.0,1
-0.24922958716100932,-0.37529077581503684,0.29680236283044287,-0.4411321510816061,-0.08627934363881148,-3.5359519045445973,0.0,0.0,0.0,1.0,1.0,0.0,0.0,0.0,0.0,1.0,0.0,0.0,0.0,1.0,0.0,0.0,0.0,0.0,1.0,0.0,0.0,0.0,0.0,0
-1.6498683102731266,-0.0508390137462352,0.7694351363114351,1.0704785317758516,1.3235368701055763,-1.0662349883724185,1.0,0.0,0.0,0.0,1.0,0.0,0.0,0.0,0.0,0.0,0.0,1.0,0.0,0.0,0.0,1.0,0.0,0.0,0.0,1.0,0.0,0.0,0.0,6
-0.3728153568473726,-0.29979577436867755,1.0845236519654298,0.16711119511579947,-0.08627934363881148,-1.0662349883724185,1.0,0.0,0.0,0.0,1.0,0.0,0.0,0.0,0.0,0.0,0.0,1.0,0.0,1.0,0.0,0.0,0.0,0.0,0.0,1.0,0.0,0.0,0.0,6
0.03913720877383833,-0.38526419573855253,-0.9635516997855363,-0.7230595403447033,-0.7911874505110054,-1.0662349883724185,0.0,0.0,0.0,1.0,1.0,0.0,0.0,1.0,0.0,0.0,0.0,0.0,0.0,1.0,0.0,0.0,0.0,0.0,1.0,0.0,0.0,0.0,0.0,0
-0.08444856091252495,-0.06333735010608398,-0.5224277778699435,-0.8490270972494914,-1.4960955573831993,0.16862346971367084,0.0,0.0,0.0,1.0,0.0,1.0,0.0,1.0,0.0,0.0,0.0,0.0,0.0,1.0,0.0,0.0,0.0,0.0,1.0,0.0,0.0,0.0,0.0,4
-0.0020580477882827593,-0.2763140515107798,-0.27035696534674775,-0.4891197918072397,-0.7911874505110054,0.16862346971367084,0.0,0.0,0.0,1.0,1.0,0.0,0.0,1.0,0.0,0.0,0.0,0.0,0.0,1.0,0.0,0.0,0.0,0.0,1.0,0.0,0.0,0.0,0.0,4
0.8218470834541391,0.22071574898138827,-0.08130385595435087,-0.01044307556904476,-0.08627934363881148,0.16862346971367084,0.0,0.0,0.0,1.0,1.0,0.0,0.0,1.0,0.0,0.0,0.0,0.0,0.0,1.0,0.0,0.0,0.0,0.0,1.0,0.0,0.0,0.0,0.0,4
1.5221664450101977,0.4973203445816779,1.1160325035308294,3.409876017150488,2.733353083849964,-1.0662349883724185,0.0,0.0,0.0,1.0,1.0,0.0,0.0,1.0,0.0,0.0,0.0,0.0,0.0,1.0,0.0,0.0,0.0,0.0,0.0,1.0,0.0,0.0,0.0,5
0.9042375965783813,-0.3173439436011925,-1.9718349498783196,-0.6450796241655488,-0.7911874505110054,0.16862346971367084,1.0,0.0,0.0,0.0,1.0,0.0,0.0,1.0,0.0,0.0,0.0,0.0,0.0,1.0,0.0,0.0,0.0,0.0,0.0,1.0,0.0,0.0,0.0,2
0.08033246533595943,-0.16559646577757398,1.1475413550962288,0.8374985360529005,0.6186287632333825,0.16862346971367084,0.0,0.0,0.0,1.0,1.0,0.0,0.0,1.0,0.0,0.0,0.0,0.0,0.0,1.0,0.0,0.0,0.0,0.0,0.0,1.0,0.0,0.0,0.0,1
-2.0206256193322165,-1.0442673856214881,0.04473155030724705,-0.7350564505261117,-0.7911874505110054,0.16862346971367084,0.0,0.0,0.0,1.0,1.0,0.0,0.0,0.0,0.0,0.0,1.0,0.0,0.0,1.0,0.0,0.0,0.0,0.0,1.0,0.0,0.0,0.0,0.0,6
0.6570660572056548,0.530901733184908,1.0845236519654298,2.3592586049238298,2.02844497697777,0.16862346971367084,1.0,0.0,0.0,0.0,1.0,0.0,0.0,1.0,0.0,0.0,0.0,0.0,0.0,0.0,0.0,1.0,0.0,0.0,0.0,1.0,0.0,0.0,0.0,5
-0.4552058699716148,-0.11484564540727894,0.8639616910076335,0.1347195376259968,-0.08627934363881148,0.16862346971367084,1.0,0.0,0.0,0.0,1.0,0.0,0.0,1.0,0.0,0.0,0.0,0.0,0.0,1.0,0.0,0.0,0.0,0.0,0.0,1.0,0.0,0.0,0.0,1
-0.4140106134094937,-0.3499153656298893,0.04473155030724705,-0.6450796241655488,-0.7911874505110054,0.16862346971367084,1.0,0.0,0.0,0.0,1.0,0.0,0.0,1.0,0.0,0.0,0.0,0.0,0.0,0.0,0.0,1.0,0.0,0.0,1.0,0.0,0.0,0.0,0.0,4
0.9454328531405024,0.2693203903808002,1.1475413550962288,1.6463302204834545,1.3235368701055763,0.16862346971367084,0.0,0.0,0.0,1.0,1.0,0.0,0.0,1.0,0.0,0.0,0.0,0.0,0.0,0.0,0.0,1.0,0.0,0.0,0.0,1.0,0.0,0.0,0.0,5
-0.29042484372313043,-0.1832708808319056,1.0530148004000304,-0.014042148623467279,0.6186287632333825,0.16862346971367084,0.0,0.0,0.0,1.0,1.0,0.0,0.0,1.0,0.0,0.0,0.0,0.0,0.0,1.0,0.0,0.0,0.0,0.0,0.0,1.0,0.0,0.0,0.0,1
-1.8970398496458531,-0.9224401675684166,0.895470542573033,-0.08122484563935428,1.3235368701055763,-1.0662349883724185,0.0,0.0,0.0,1.0,1.0,0.0,0.0,0.0,0.0,0.0,1.0,0.0,0.0,1.0,0.0,0.0,0.0,0.0,0.0,1.0,0.0,0.0,0.0,6
-0.0020580477882827593,-0.28426753828522905,-0.14432155908514982,-0.3091661390861138,-0.08627934363881148,1.4034819277997603,0.0,0.0,0.0,1.0,1.0,0.0,0.0,1.0,0.0,0.0,0.0,0.0,0.0,1.0,0.0,0.0,0.0,0.0,1.0,0.0,0.0,0.0,0.0,4
-1.1143299749655524,0.27348650250074974,1.0530148004000304,0.7105712263335997,0.6186287632333825,0.16862346971367084,1.0,0.0,0.0,0.0,1.0,0.0,0.0,1.0,0.0,0.0,0.0,0.0,0.0,0.0,0.0,1.0,0.0,0.0,0.0,1.0,0.0,0.0,0.0,1
-0.9083536921549469,0.0862639487466514,1.021505948834631,0.6145959448823326,1.3235368701055763,0.16862346971367084,0.0,1.0,0.0,0.0,1.0,0.0,0.0,1.0,0.0,0.0,0.0,0.0,0.0,0.0,0.0,1.0,0.0,0.0,0.0,1.0,0.0,0.0,0.0,1
-0.8259631790307046,-0.8144999899151772,-0.7429897388277399,-0.8490270972494914,-0.7911874505110054,-1.0662349883724185,0.0,0.0,0.0,1.0,1.0,0.0,0.0,1.0,0.0,0.0,0.0,0.0,0.0,1.0,0.0,0.0,0.0,0.0,1.0,0.0,0.0,0.0,0.0,0
-0.20803433059888823,-0.1796097519992226,0.958488245703832,0.09872880708177162,0.6186287632333825,0.16862346971367084,1.0,0.0,0.0,0.0,1.0,0.0,0.0,1.0,0.0,0.0,0.0,0.0,0.0,1.0,0.0,0.0,0.0,0.0,0.0,1.0,0.0,0.0,0.0,1
-0.4140106134094937,-0.21091871580975288,-0.1758304106505493,-1.420283969357615,-0.7911874505110054,0.16862346971367084,1.0,0.0,0.0,0.0,1.0,0.0,0.0,1.0,0.0,0.0,0.0,0.0,0.0,1.0,0.0,0.0,0.0,0.0,1.0,0.0,0.0,0.0,0.0,4
-0.4140106134094937,0.061646013492403805,-1.9088172467475206,-0.8490270972494914,-0.7911874505110054,-1.0662349883724185,0.0,0.0,0.0,1.0,1.0,0.0,0.0,1.0,0.0,0.0,0.0,0.0,0.0,1.0,0.0,0.0,0.0,0.0,0.0,1.0,0.0,0.0,0.0,0
-0.0020580477882827593,-0.10752338774191299,0.9269793941384324,0.6505866754265577,0.6186287632333825,0.16862346971367084,0.0,0.0,0.0,1.0,1.0,0.0,0.0,1.0,0.0,0.0,0.0,0.0,0.0,1.0,0.0,0.0,0.0,0.0,0.0,1.0,0.0,0.0,0.0,1
1.5221664450101977,0.4973203445816779,1.1790502066616284,4.824707625574524,2.02844497697777,1.4034819277997603,0.0,0.0,0.0,1.0,1.0,0.0,0.0,1.0,0.0,0.0,0.0,0.0,0.0,0.0,0.0,1.0,0.0,0.0,0.0,1.0,0.0,0.0,0.0,5
-0.8259631790307046,-0.5834701359906997,-0.9635516997855363,-1.1789421272382223,-1.4960955573831993,-1.0662349883724185,0.0,0.0,0.0,1.0,1.0,0.0,0.0,1.0,0.0,0.0,0.0,0.0,0.0,0.0,0.0,1.0,0.0,0.0,1.0,0.0,0.0,0.0,0.0,0
-1.8970398496458531,-0.9351909955718988,1.0845236519654298,-0.40034265646481754,0.6186287632333825,-1.0662349883724185,0.0,0.0,0.0,1.0,1.0,0.0,0.0,0.0,0.0,0.0,1.0,0.0,0.0,1.0,0.0,0.0,0.0,0.0,0.0,1.0,0.0,0.0,0.0,6
-0.8259631790307046,-0.4988854353735414,-1.4361844732665285,-0.7650487259796327,-0.7911874505110054,0.16862346971367084,0.0,0.0,0.0,1.0,1.0,0.0,0.0,1.0,0.0,0.0,0.0,0.0,0.0,1.0,0.0,0.0,0.0,1.0,0.0,0.0,0.0,0.0,0.0,2
-0.8259631790307046,0.0439715984380722,-1.5622198795281264,-0.4891197918072397,0.6186287632333825,0.16862346971367084,1.0,0.0,0.0,0.0,1.0,0.0,0.0,1.0,0.0,0.0,0.0,0.0,0.0,1.0,0.0,0.0,0.0,1.0,0.0,0.0,0.0,0.0,0.0,2
-0.4140106134094937,0.14496825589139567,-0.7744985903931394,-1.150149542802842,-1.4960955573831993,-1.0662349883724185,0.0,0.0,0.0,1.0,1.0,0.0,0.0,1.0,0.0,0.0,0.0,0.0,0.0,1.0,0.0,0.0,0.0,0.0,1.0,0.0,0.0,0.0,0.0,0
-0.0020580477882827593,0.3704432936559403,-0.23884811378134826,-0.0692279354579459,-0.7911874505110054,0.16862346971367084,1.0,0.0,0.0,0.0,1.0,0.0,0.0,1.0,0.0,0.0,0.0,0.0,0.0,1.0,0.0,0.0,0.0,0.0,1.0,0.0,0.0,0.0,0.0,4
-0.24922958716100932,-0.11547687451636221,1.1160325035308294,1.021291200032077,1.3235368701055763,-1.0662349883724185,1.0,0.0,0.0,0.0,1.0,0.0,0.0,1.0,0.0,0.0,0.0,0.0,0.0,0.0,0.0,1.0,0.0,0.0,0.0,1.0,0.0,0.0,0.0,1
0.12152772189808052,-0.15044696715957545,1.1160325035308294,0.7081598473871367,0.6186287632333825,0.16862346971367084,0.0,0.0,0.0,1.0,1.0,0.0,0.0,1.0,0.0,0.0,0.0,0.0,0.0,1.0,0.0,0.0,0.0,0.0,0.0,1.0,0.0,0.0,0.0,1
-1.2379157446519156,-0.7973305581481123,-1.530711027962727,-1.5088571572269531,-1.4960955573831993,-1.0662349883724185,0.0,0.0,0.0,1.0,1.0,0.0,0.0,1.0,0.0,0.0,0.0,0.0,0.0,1.0,0.0,0.0,0.0,1.0,0.0,0.0,0.0,0.0,0.0,0
0.4098945178329282,0.24596491334471912,-0.4279012231737451,-0.17720012709062144,-0.08627934363881148,0.16862346971367084,1.0,0.0,0.0,0.0,1.0,0.0,0.0,1.0,0.0,0.0,0.0,0.0,0.0,1.0,0.0,0.0,0.0,0.0,1.0,0.0,0.0,0.0,0.0,4
2.057704780317772,0.4555329775603653,-0.08130385595435087,-0.8490270972494914,-0.08627934363881148,-1.0662349883724185,0.0,0.0,0.0,1.0,1.0,0.0,0.0,1.0,0.0,0.0,0.0,0.0,0.0,0.0,0.0,1.0,0.0,0.0,1.0,0.0,0.0,0.0,0.0,7
0.4098945178329282,-0.03808818574275311,0.20227580813424445,-0.1544059977459455,-0.08627934363881148,-1.0662349883724185,0.0,0.0,0.0,1.0,1.0,0.0,0.0,1.0,0.0,0.0,0.0,0.0,0.0,1.0,0.0,0.0,0.0,0.0,1.0,0.0,0.0,0.0,0.0,4
0.6158708006435336,0.08500149052848485,0.107749253438046,-0.12921248636498786,0.6186287632333825,0.16862346971367084,0.0,0.0,0.0,1.0,1.0,0.0,0.0,1.0,0.0,0.0,0.0,0.0,0.0,1.0,0.0,0.0,0.0,0.0,1.0,0.0,0.0,0.0,0.0,4
-0.8259631790307046,-0.03960313560455297,-1.6252375826589254,-0.14120939654639625,-0.08627934363881148,1.4034819277997603,0.0,0.0,0.0,1.0,1.0,0.0,0.0,1.0,0.0,0.0,0.0,0.0,0.0,1.0,0.0,0.0,0.0,0.0,0.0,1.0,0.0,0.0,0.0,2
0.3686992612708071,0.3593336613360747,0.832452839442234,0.23069481907726394,-0.08627934363881148,1.4034819277997603,1.0,0.0,0.0,0.0,0.0,1.0,0.0,1.0,0.0,0.0,0.0,0.0,0.0,1.0,0.0,0.0,0.0,0.0,0.0,1.0,0.0,0.0,0.0,1
3.0463909378086784,1.4432802874538688,-1.4992021763973276,0.5126222083403612,-0.7911874505110054,0.16862346971367084,0.0,0.0,0.0,1.0,1.0,0.0,0.0,1.0,0.0,0.0,0.0,0.0,0.0,1.0,0.0,0.0,0.0,0.0,1.0,0.0,0.0,0.0,0.0,7
-1.8970398496458531,-0.9379684036518652,1.0530148004000304,-0.6090888936213236,0.6186287632333825,0.16862346971367084,0.0,0.0,0.0,1.0,1.0,0.0,0.0,0.0,0.0,0.0,1.0,0.0,0.0,1.0,0.0,0.0,0.0,0.0,0.0,1.0,0.0,0.0,0.0,6
0.327504004708686,-0.08012804440769901,1.1160325035308294,-0.05204836007816907,-0.08627934363881148,0.16862346971367084,1.0,0.0,0.0,0.0,1.0,0.0,0.0,1.0,0.0,0.0,0.0,0.0,0.0,1.0,0.0,0.0,0.0,0.0,0.0,1.0,0.0,0.0,0.0,1
-0.4140106134094937,-0.4579817891049454,-1.3731667701357295,-1.3468988697779398,-1.4960955573831993,-2.3010934464585078,1.0,0.0,0.0,0.0,1.0,0.0,0.0,1.0,0.0,0.0,0.0,0.0,0.0,1.0,0.0,0.0,0.0,1.0,0.0,0.0,0.0,0.0,0.0,0
0.2039182350223227,0.40061604507012066,-0.9635516997855363,0.4646345676147276,0.6186287632333825,0.16862346971367084,0.0,0.0,0.0,1.0,1.0,0.0,0.0,1.0,0.0,0.0,0.0,0.0,0.0,1.0,0.0,0.0,0.0,0.0,1.0,0.0,0.0,0.0,0.0,4
-0.4140106134094937,-0.4231379422835488,-2.475976574924711,-0.8790193727030124,-0.7911874505110054,1.4034819277997603,0.0,0.0,0.0,1.0,1.0,0.0,0.0,1.0,0.0,0.0,0.0,0.0,0.0,1.0,0.0,0.0,0.0,0.0,0.0,0.0,0.0,1.0,0.0,2
-0.08444856091252495,-0.048061605666268804,-0.45941007473914464,-0.621085803802732,-0.7911874505110054,0.16862346971367084,0.0,0.0,0.0,1.0,1.0,0.0,0.0,1.0,0.0,0.0,0.0,0.0,0.0,1.0,0.0,0.0,0.0,0.0,1.0,0.0,0.0,0.0,0.0,4
-1.1555252315276734,-0.7559219285922496,0.07624040187264652,-0.352355015739184,-0.08627934363881148,2.63834038588585,0.0,0.0,0.0,1.0,1.0,0.0,0.0,0.0,0.0,0.0,0.0,1.0,0.0,1.0,0.0,0.0,0.0,0.0,1.0,0.0,0.0,0.0,0.0,4
-0.7023774093443413,-0.7612242531085491,1.1160325035308294,0.16112473693527668,0.6186287632333825,-1.0662349883724185,0.0,0.0,0.0,1.0,1.0,0.0,0.0,0.0,0.0,0.0,0.0,1.0,0.0,1.0,0.0,0.0,0.0,0.0,0.0,1.0,0.0,0.0,0.0,6
-0.4140106134094937,-0.1921080883590714,0.23378465969964393,-0.681070354709774,-0.7911874505110054,0.16862346971367084,0.0,0.0,0.0,1.0,0.0,1.0,0.0,1.0,0.0,0.0,0.0,0.0,0.0,1.0,0.0,0.0,0.0,0.0,1.0,0.0,0.0,0.0,0.0,4
-0.537596383095857,-0.21104496163156955,-0.6484631841315415,-0.681070354709774,-0.08627934363881148,-1.0662349883724185,1.0,0.0,0.0,0.0,1.0,0.0,0.0,1.0,0.0,0.0,0.0,0.0,0.0,1.0,0.0,0.0,0.0,0.0,1.0,0.0,0.0,0.0,0.0,0
0.6158708006435336,0.10709450934639936,1.1475413550962288,1.907263016929087,1.3235368701055763,0.16862346971367084,0.0,0.0,0.0,1.0,1.0,0.0,0.0,1.0,0.0,0.0,0.0,0.0,0.0,1.0,0.0,0.0,0.0,0.0,0.0,1.0,0.0,0.0,0.0,5
-0.0020580477882827593,-0.151709425377742,0.8639616910076335,0.23669327416796815,-0.08627934363881148,0.16862346971367084,0.0,0.0,0.0,1.0,1.0,0.0,0.0,1.0,0.0,0.0,0.0,0.0,0.0,1.0,0.0,0.0,0.0,0.0,0.0,1.0,0.0,0.0,0.0,1
-0.20803433059888823,-0.22644695189320135,1.021505948834631,0.529417882594333,0.6186287632333825,0.16862346971367084,0.0,0.0,0.0,1.0,1.0,0.0,0.0,1.0,0.0,0.0,0.0,0.0,0.0,1.0,0.0,0.0,0.0,0.0,0.0,1.0,0.0,0.0,0.0,1
0.2039182350223227,0.44795822825136605,-2.444467723359312,1.7303085917533132,2.733353083849964,0.16862346971367084,0.0,0.0,0.0,1.0,1.0,0.0,0.0,1.0,0.0,0.0,0.0,0.0,0.0,1.0,0.0,0.0,0.0,1.0,0.0,0.0,0.0,0.0,0.0,5
-0.7435726659064624,-0.06472605414606718,-1.278640215439531,-1.1249560314218845,-0.7911874505110054,-1.0662349883724185,0.0,0.0,0.0,1.0,1.0,0.0,0.0,1.0,0.0,0.0,0.0,0.0,0.0,1.0,0.0,0.0,0.0,0.0,1.0,0.0,0.0,0.0,0.0,0
-1.0731347184034312,-0.7230980149199194,0.17076695656884497,-0.56110125289569,-0.7911874505110054,0.16862346971367084,0.0,0.0,0.0,1.0,1.0,0.0,0.0,0.0,0.0,0.0,0.0,1.0,0.0,1.0,0.0,0.0,0.0,0.0,0.0,1.0,0.0,0.0,0.0,6
-1.485087284024642,-0.625005011368379,1.1475413550962288,0.5906021245195158,0.6186287632333825,-1.0662349883724185,1.0,0.0,0.0,0.0,1.0,0.0,0.0,0.0,0.0,0.0,1.0,0.0,0.0,1.0,0.0,0.0,0.0,0.0,0.0,1.0,0.0,0.0,0.0,6
-0.0020580477882827593,0.025034725165574048,-0.3963923716083457,-0.7950410014331537,-0.7911874505110054,-1.0662349883724185,0.0,0.0,0.0,1.0,1.0,0.0,0.0,1.0,0.0,0.0,0.0,0.0,0.0,1.0,0.0,0.0,0.0,0.0,1.0,0.0,0.0,0.0,0.0,0
-0.20803433059888823,0.2910346717332647,0.7694351363114351,1.3104167354040195,1.3235368701055763,1.4034819277997603,1.0,0.0,0.0,0.0,1.0,0.0,0.0,1.0,0.0,0.0,0.0,0.0,0.0,1.0,0.0,0.0,0.0,0.0,0.0,1.0,0.0,0.0,0.0,1
0.6158708006435336,0.08500149052848485,-1.593728731093526,-1.1729436721475182,-0.7911874505110054,-1.0662349883724185,0.0,0.0,0.0,1.0,1.0,0.0,0.0,1.0,0.0,0.0,0.0,0.0,0.0,1.0,0.0,0.0,0.0,1.0,0.0,0.0,0.0,0.0,0.0,0
-0.4140106134094937,-0.3473904491935562,1.1160325035308294,0.05074116635613805,-0.08627934363881148,-1.0662349883724185,0.0,0.0,0.0,1.0,1.0,0.0,0.0,1.0,0.0,0.0,0.0,0.0,0.0,1.0,0.0,0.0,0.0,0.0,0.0,1.0,0.0,0.0,0.0,6
-1.5674777971488842,-0.8317956675040589,1.0530148004000304,-0.6090888936213236,0.6186287632333825,0.16862346971367084,0.0,0.0,0.0,1.0,1.0,0.0,0.0,0.0,0.0,0.0,0.0,1.0,0.0,1.0,0.0,0.0,0.0,0.0,0.0,1.0,0.0,0.0,0.0,6
-0.8259631790307046,-0.06901841208783342,-0.7429897388277399,-0.7530518157982243,-0.7911874505110054,-1.0662349883724185,0.0,0.0,0.0,1.0,1.0,0.0,0.0,1.0,0.0,0.0,0.0,0.0,0.0,0.0,0.0,1.0,0.0,0.0,1.0,0.0,0.0,0.0,0.0,0
1.645752214696561,0.5401176781775237,1.1475413550962288,0.9061208622905566,1.3235368701055763,0.16862346971367084,0.0,0.0,0.0,1.0,1.0,0.0,0.0,1.0,0.0,0.0,0.0,0.0,0.0,1.0,0.0,0.0,0.0,0.0,0.0,1.0,0.0,0.0,0.0,1
0.6982613137677759,1.064795313647539,-2.8540827937095052,1.3704012863110613,0.6186287632333825,0.16862346971367084,0.0,0.0,0.0,1.0,1.0,0.0,0.0,1.0,0.0,0.0,0.0,0.0,0.0,1.0,0.0,0.0,0.0,1.0,0.0,0.0,0.0,0.0,0.0,2
-0.0020580477882827593,-0.19564297136993772,1.1475413550962288,-0.4051414205373809,-0.7911874505110054,0.16862346971367084,0.0,0.0,0.0,1.0,1.0,0.0,0.0,1.0,0.0,0.0,0.0,0.0,0.0,1.0,0.0,0.0,0.0,0.0,0.0,1.0,0.0,0.0,0.0,1
-0.8259631790307046,-0.34650672844083963,-0.3963923716083457,-0.7710471810703369,-0.7911874505110054,-1.0662349883724185,1.0,0.0,0.0,0.0,1.0,0.0,0.0,1.0,0.0,0.0,0.0,0.0,0.0,1.0,0.0,0.0,0.0,0.0,1.0,0.0,0.0,0.0,0.0,0
4.61181068716928,0.5832937492388195,1.0530148004000304,0.9385125197803592,0.6186287632333825,0.16862346971367084,0.0,0.0,1.0,0.0,1.0,0.0,0.0,1.0,0.0,0.0,0.0,0.0,0.0,0.0,0.0,1.0,0.0,0.0,0.0,1.0,0.0,0.0,0.0,7
-0.4140106134094937,-0.04440047683358583,-1.4361844732665285,-0.03323720491372071,0.6186287632333825,0.16862346971367084,0.0,0.0,0.0,1.0,1.0,0.0,0.0,1.0,0.0,0.0,0.0,0.0,0.0,1.0,0.0,0.0,0.0,1.0,0.0,0.0,0.0,0.0,0.0,2
-0.7847679224685835,-0.013848987953955482,-1.5622198795281264,0.09872880708177162,-0.7911874505110054,1.4034819277997603,0.0,0.0,0.0,1.0,1.0,0.0,0.0,1.0,0.0,0.0,0.0,0.0,0.0,1.0,0.0,0.0,0.0,1.0,0.0,0.0,0.0,0.0,0.0,2
1.5221664450101977,0.029579574750973604,0.6749085816152366,0.11072571726318002,0.6186287632333825,0.16862346971367084,1.0,0.0,0.0,0.0,1.0,0.0,0.0,1.0,0.0,0.0,0.0,0.0,0.0,1.0,0.0,0.0,0.0,0.0,0.0,1.0,0.0,0.0,0.0,1
0.3686992612708071,0.03235698283094,0.8009439878768345,1.0104939808688096,0.6186287632333825,0.16862346971367084,1.0,0.0,0.0,0.0,1.0,0.0,0.0,1.0,0.0,0.0,0.0,0.0,0.0,1.0,0.0,0.0,0.0,0.0,0.0,1.0,0.0,0.0,0.0,1
-0.16683907403676715,-0.15650676660677487,-2.2239057624015155,-0.9356927763999857,-1.4960955573831993,-1.0662349883724185,0.0,0.0,0.0,1.0,0.0,1.0,0.0,1.0,0.0,0.0,0.0,0.0,0.0,1.0,0.0,0.0,0.0,0.0,0.0,0.0,0.0,1.0,0.0,0
-0.0020580477882827593,-0.10752338774191299,-0.23884811378134826,-0.6690734445283656,-0.7911874505110054,3.873198843971939,0.0,0.0,0.0,1.0,1.0,0.0,0.0,0.0,0.0,1.0,0.0,0.0,0.0,1.0,0.0,0.0,0.0,0.0,1.0,0.0,0.0,0.0,0.0,4
-0.537596383095857,-0.005769255357689606,-1.4361844732665285,-0.8850178277937166,-1.4960955573831993,0.16862346971367084,0.0,0.0,0.0,1.0,1.0,0.0,0.0,1.0,0.0,0.0,0.0,0.0,0.0,1.0,0.0,0.0,0.0,0.0,1.0,0.0,0.0,0.0,0.0,0
0.49228503095717036,0.31716755684931214,0.8009439878768345,-0.3451568696303389,-0.7911874505110054,0.16862346971367084,0.0,1.0,0.0,0.0,0.0,1.0,0.0,1.0,0.0,0.0,0.0,0.0,0.0,1.0,0.0,0.0,0.0,0.0,0.0,1.0,0.0,0.0,0.0,1
-0.24922958716100932,-0.14653334668325918,1.021505948834631,0.3206716454378269,-0.08627934363881148,0.16862346971367084,1.0,0.0,0.0,0.0,1.0,0.0,0.0,1.0,0.0,0.0,0.0,0.0,0.0,1.0,0.0,0.0,0.0,0.0,0.0,1.0,0.0,0.0,0.0,1
-0.8671584355928258,-0.216726023613319,-0.4909189263045441,-0.6690734445283656,-0.7911874505110054,-1.0662349883724185,1.0,0.0,0.0,0.0,1.0,0.0,0.0,1.0,0.0,0.0,0.0,0.0,0.0,1.0,0.0,0.0,0.0,0.0,1.0,0.0,0.0,0.0,0.0,0
-0.4140106134094937,0.10709450934639936,-2.5389942780555104,-0.255180043269776,0.6186287632333825,0.16862346971367084,0.0,0.0,0.0,1.0,1.0,0.0,0.0,1.0,0.0,0.0,0.0,0.0,0.0,1.0,0.0,0.0,0.0,1.0,0.0,0.0,0.0,0.0,0.0,2
0.45108977439504927,0.23851640985753653,0.6118908784844377,-0.7470533607075202,-0.08627934363881148,0.16862346971367084,0.0,0.0,0.0,1.0,1.0,0.0,0.0,0.0,0.0,1.0,0.0,0.0,0.0,1.0,0.0,0.0,0.0,0.0,1.0,0.0,0.0,0.0,0.0,4
-0.24922958716100932,-0.3346396211900741,1.021505948834631,0.21269945380515137,0.6186287632333825,1.4034819277997603,0.0,0.0,0.0,1.0,1.0,0.0,0.0,1.0,0.0,0.0,0.0,0.0,0.0,1.0,0.0,0.0,0.0,0.0,0.0,0.0,1.0,0.0,0.0,1
-0.16683907403676715,0.30908782425304626,-0.3963923716083457,-0.3091661390861138,-0.08627934363881148,0.16862346971367084,1.0,0.0,0.0,0.0,1.0,0.0,0.0,1.0,0.0,0.0,0.0,0.0,0.0,0.0,0.0,1.0,0.0,0.0,1.0,0.0,0.0,0.0,0.0,4
0.327504004708686,0.2797987935915825,-1.1526048091779333,2.139403228939339,1.3235368701055763,1.4034819277997603,0.0,0.0,0.0,1.0,0.0,1.0,0.0,1.0,0.0,0.0,0.0,0.0,0.0,1.0,0.0,0.0,0.0,0.0,0.0,1.0,0.0,0.0,0.0,5
0.2039182350223227,-0.001855634881373322,-0.20733926221594878,-0.16520321690921305,-0.7911874505110054,0.16862346971367084,0.0,0.0,0.0,1.0,1.0,0.0,0.0,1.0,0.0,0.0,0.0,0.0,0.0,0.0,0.0,1.0,0.0,0.0,0.0,1.0,0.0,0.0,0.0,4
-0.8259631790307046,-0.10752338774191299,-1.278640215439531,-1.2149328577824474,-0.7911874505110054,-1.0662349883724185,0.0,0.0,0.0,1.0,1.0,0.0,0.0,1.0,0.0,0.0,0.0,0.0,0.0,1.0,0.0,0.0,0.0,1.0,0.0,0.0,0.0,0.0,0.0,0
-1.1967204880897946,-0.6352309229355281,0.958488245703832,0.3926531065262773,1.3235368701055763,-1.0662349883724185,0.0,0.0,0.0,1.0,1.0,0.0,0.0,0.0,0.0,0.0,0.0,1.0,0.0,1.0,0.0,0.0,0.0,0.0,0.0,1.0,0.0,0.0,0.0,6
-1.4026967709004,-0.6964601465166054,1.021505948834631,-0.591093528349211,-0.08627934363881148,-2.3010934464585078,0.0,0.0,0.0,1.0,1.0,0.0,0.0,0.0,0.0,0.0,0.0,1.0,0.0,1.0,0.0,0.0,0.0,0.0,0.0,1.0,0.0,0.0,0.0,6
0.327504004708686,0.023772266947407507,0.1392581050034455,-0.32716150435822633,-0.7911874505110054,0.16862346971367084,0.0,0.0,0.0,1.0,1.0,0.0,0.0,1.0,0.0,0.0,0.0,0.0,0.0,1.0,0.0,0.0,0.0,0.0,1.0,0.0,0.0,0.0,0.0,4
-0.4140106134094937,-0.47931733299196,-1.593728731093526,-0.6330827139841404,-0.08627934363881148,0.16862346971367084,1.0,0.0,0.0,0.0,1.0,0.0,0.0,1.0,0.0,0.0,0.0,0.0,0.0,1.0,0.0,0.0,0.0,1.0,0.0,0.0,0.0,0.0,0.0,2
0.6158708006435336,0.5351940911266742,0.9899970972692315,0.2654858586033483,1.3235368701055763,1.4034819277997603,0.0,0.0,0.0,1.0,1.0,0.0,0.0,1.0,0.0,0.0,0.0,0.0,0.0,1.0,0.0,0.0,0.0,0.0,0.0,1.0,0.0,0.0,0.0,1
2.469657345938983,0.19003801427994124,0.5488731753536388,-0.0692279354579459,-0.08627934363881148,0.16862346971367084,1.0,0.0,0.0,0.0,1.0,0.0,0.0,1.0,0.0,0.0,0.0,0.0,0.0,1.0,0.0,0.0,0.0,0.0,1.0,0.0,0.0,0.0,0.0,7
0.12152772189808052,-0.15044696715957545,-0.36488352004294616,-0.39314451035597253,-0.08627934363881148,0.16862346971367084,0.0,0.0,0.0,1.0,1.0,0.0,0.0,1.0,0.0,0.0,0.0,0.0,0.0,0.0,0.0,1.0,0.0,0.0,1.0,0.0,0.0,0.0,0.0,4
0.12152772189808052,-0.027357290888337497,1.1160325035308294,-0.15920476181850884,-0.7911874505110054,0.16862346971367084,0.0,0.0,0.0,1.0,1.0,0.0,0.0,1.0,0.0,0.0,0.0,0.0,0.0,1.0,0.0,0.0,0.0,0.0,0.0,1.0,0.0,0.0,0.0,1
0.9454328531405024,0.2623768701808842,1.1475413550962288,1.6463302204834545,1.3235368701055763,0.16862346971367084,0.0,0.0,0.0,1.0,1.0,0.0,0.0,1.0,0.0,0.0,0.0,0.0,0.0,0.0,0.0,1.0,0.0,0.0,0.0,1.0,0.0,0.0,0.0,5
-0.4140106134094937,0.06088853856150388,-0.4909189263045441,-0.7890425463424495,-1.4960955573831993,-1.0662349883724185,0.0,0.0,0.0,1.0,1.0,0.0,0.0,1.0,0.0,0.0,0.0,0.0,0.0,1.0,0.0,0.0,0.0,0.0,1.0,0.0,0.0,0.0,0.0,0
-0.16683907403676715,-0.390566520254852,-1.7512729889205232,-0.6330827139841404,-0.08627934363881148,1.4034819277997603,0.0,0.0,0.0,1.0,1.0,0.0,0.0,1.0,0.0,0.0,0.0,0.0,0.0,1.0,0.0,0.0,0.0,0.0,0.0,1.0,0.0,0.0,0.0,2
0.12152772189808052,-0.15953666633037458,1.0845236519654298,0.6145959448823326,0.6186287632333825,0.16862346971367084,0.0,0.0,0.0,1.0,1.0,0.0,0.0,1.0,0.0,0.0,0.0,0.0,0.0,1.0,0.0,0.0,0.0,0.0,0.0,1.0,0.0,0.0,0.0,1
-0.8259631790307046,-0.4988854353735414,-0.7114808872623405,-0.7890425463424495,-0.7911874505110054,-1.0662349883724185,0.0,0.0,0.0,1.0,1.0,0.0,0.0,1.0,0.0,0.0,0.0,0.0,0.0,1.0,0.0,0.0,0.0,0.0,1.0,0.0,0.0,0.0,0.0,0
-1.6498683102731266,-0.8546461612528733,1.0530148004000304,-0.35715377981174734,0.6186287632333825,-1.0662349883724185,0.0,0.0,0.0,1.0,1.0,0.0,0.0,0.0,0.0,0.0,0.0,1.0,0.0,1.0,0.0,0.0,0.0,0.0,0.0,1.0,0.0,0.0,0.0,6
-0.29042484372313043,-0.1849120765155221,1.0530148004000304,0.11072571726318002,0.6186287632333825,0.16862346971367084,0.0,0.0,0.0,1.0,1.0,0.0,0.0,1.0,0.0,0.0,0.0,0.0,0.0,1.0,0.0,0.0,0.0,0.0,0.0,1.0,0.0,0.0,0.0,1
0.739456570329897,-0.2476562499583993,0.1392581050034455,-0.8490270972494914,-0.7911874505110054,0.16862346971367084,1.0,0.0,0.0,0.0,1.0,0.0,0.0,1.0,0.0,0.0,0.0,0.0,0.0,0.0,0.0,1.0,0.0,0.0,1.0,0.0,0.0,0.0,0.0,4
0.2039182350223227,0.08815763607390122,0.17076695656884497,-0.6306833319478587,-0.7911874505110054,0.16862346971367084,0.0,0.0,0.0,1.0,1.0,0.0,0.0,1.0,0.0,0.0,0.0,0.0,0.0,1.0,0.0,0.0,0.0,0.0,1.0,0.0,0.0,0.0,0.0,4
-0.29042484372313043,0.09598487702653379,0.6433997300498372,-1.04697611524273,-0.7911874505110054,0.16862346971367084,0.0,0.0,0.0,1.0,1.0,0.0,0.0,1.0,0.0,0.0,0.0,0.0,0.0,1.0,0.0,0.0,0.0,0.0,0.0,1.0,0.0,0.0,0.0,4
1.23379964907535,1.4894862582387642,-0.5224277778699435,-0.8130363667052662,-0.7911874505110054,-1.0662349883724185,0.0,0.0,0.0,1.0,0.0,1.0,0.0,1.0,0.0,0.0,0.0,0.0,0.0,0.0,0.0,1.0,0.0,0.0,1.0,0.0,0.0,0.0,0.0,4
1.8517284975071664,0.877825251537074,-0.36488352004294616,-0.12921248636498786,-0.7911874505110054,-1.0662349883724185,0.0,0.0,0.0,1.0,1.0,0.0,0.0,1.0,0.0,0.0,0.0,0.0,0.0,1.0,0.0,0.0,0.0,0.0,1.0,0.0,0.0,0.0,0.0,7
-0.8259631790307046,-0.3505465947389726,0.4228377690920408,-0.6690734445283656,-0.08627934363881148,-1.0662349883724185,0.0,0.0,0.0,1.0,1.0,0.0,0.0,0.0,0.0,0.0,0.0,1.0,0.0,1.0,0.0,0.0,0.0,0.0,1.0,0.0,0.0,0.0,0.0,6
0.4098945178329282,-0.04440047683358583,-0.6484631841315415,-0.4051414205373809,-0.7911874505110054,0.16862346971367084,0.0,0.0,0.0,1.0,1.0,0.0,0.0,1.0,0.0,0.0,0.0,0.0,0.0,1.0,0.0,0.0,0.0,0.0,1.0,0.0,0.0,0.0,0.0,4
-0.4140106134094937,-0.1807459643955725,-1.4992021763973276,-0.9689961990635754,-0.7911874505110054,-1.0662349883724185,0.0,0.0,0.0,1.0,1.0,0.0,0.0,1.0,0.0,0.0,0.0,0.0,0.0,1.0,0.0,0.0,0.0,0.0,1.0,0.0,0.0,0.0,0.0,0
0.5746755440814125,0.016702500925674865,1.0845236519654298,0.3854549604174322,0.6186287632333825,0.16862346971367084,0.0,0.0,0.0,1.0,1.0,0.0,0.0,1.0,0.0,0.0,0.0,0.0,0.0,1.0,0.0,0.0,0.0,0.0,0.0,1.0,0.0,0.0,0.0,1
-0.8259631790307046,-0.1832708808319056,-1.593728731093526,-1.688810809948079,-1.4960955573831993,0.16862346971367084,0.0,0.0,0.0,1.0,1.0,0.0,0.0,1.0,0.0,0.0,0.0,0.0,0.0,0.0,1.0,0.0,0.0,1.0,0.0,0.0,0.0,0.0,0.0,2
0.4098945178329282,0.1373935065823964,0.01322269874184757,-0.4291352409001977,-0.08627934363881148,0.16862346971367084,0.0,0.0,0.0,1.0,1.0,0.0,0.0,1.0,0.0,0.0,0.0,0.0,0.0,1.0,0.0,0.0,0.0,0.0,1.0,0.0,0.0,0.0,0.0,4
0.8630423400162602,0.06126727602695384,0.7694351363114351,2.030231346288523,1.3235368701055763,-1.0662349883724185,1.0,0.0,0.0,0.0,1.0,0.0,0.0,1.0,0.0,0.0,0.0,0.0,0.0,0.0,0.0,1.0,0.0,0.0,0.0,1.0,0.0,0.0,0.0,5
-1.0731347184034312,-0.050965259568051854,1.021505948834631,0.6745804957893745,0.6186287632333825,0.16862346971367084,1.0,0.0,0.0,0.0,1.0,0.0,0.0,1.0,0.0,0.0,0.0,0.0,0.0,1.0,0.0,0.0,0.0,0.0,0.0,1.0,0.0,0.0,0.0,1
