LotFrontage,LotArea,YearBuilt,SalePrice,OverallQual,BedroomAbvGr,IR1,IR2,IR3,Reg,Gtl,Mod,Sev,1Fam,2fmCon,Duplex,Twnhs,TwnhsE,Flat,Gable,Gambrel,Hip,Mansard,BrkTil,CBlock,PConc,Slab,Stone,Wood
-0.4140106134094937,0.10709450934639936,-1.0895871060471343,-0.12921248636498786,-0.7911874505110054,0.16862346971367084,0.0,0.0,0.0,1.0,1.0,0.0,0.0,1.0,0.0,0.0,0.0,0.0,0.0,1.0,0.0,0.0,0.0,0.0,1.0,0.0,0.0,0.0,0.0
-0.4140106134094937,-0.574632928463534,-1.5622198795281264,-0.8672624007252322,-0.7911874505110054,-1.0662349883724185,0.0,0.0,0.0,1.0,0.0,0.0,1.0,1.0,0.0,0.0,0.0,0.0,0.0,1.0,0.0,0.0,0.0,1.0,0.0,0.0,0.0,0.0,0.0
2.428462089376862,-0.09540378884751417,1.021505948834631,0.24269172925867236,0.6186287632333825,0.16862346971367084,1.0,0.0,0.0,0.0,1.0,0.0,0.0,1.0,0.0,0.0,0.0,0.0,0.0,1.0,0.0,0.0,0.0,0.0,0.0,1.0,0.0,0.0,0.0
-0.8259631790307046,-0.34650672844083963,-0.3963923716083457,-0.7710471810703369,-0.7911874505110054,-1.0662349883724185,1.0,0.0,0.0,0.0,1.0,0.0,0.0,1.0,0.0,0.0,0.0,0.0,0.0,1.0,0.0,0.0,0.0,0.0,1.0,0.0,0.0,0.0,0.0
1.5221664450101977,0.029579574750973604,0.6749085816152366,0.11072571726318002,0.6186287632333825,0.16862346971367084,1.0,0.0,0.0,0.0,1.0,0.0,0.0,1.0,0.0,0.0,0.0,0.0,0.0,1.0,0.0,0.0,0.0,0.0,0.0,1.0,0.0,0.0,0.0
0.4098945178329282,-0.1580217164685747,-0.23884811378134826,-0.3091661390861138,-0.7911874505110054,0.16862346971367084,0.0,0.0,0.0,1.0,1.0,0.0,0.0,1.0,0.0,0.0,0.0,0.0,0.0,0.0,0.0,1.0,0.0,0.0,1.0,0.0,0.0,0.0,0.0
-1.485087284024642,-0.7440548213414842,0.8639616910076335,-0.5730981630770984,0.6186287632333825,-2.3010934464585078,0.0,0.0,0.0,1.0,1.0,0.0,0.0,0.0,0.0,0.0,0.0,1.0,0.0,1.0,0.0,0.0,0.0,0.0,0.0,1.0,0.0,0.0,0.0
1.8517284975071664,1.4309081969158366,-0.7114808872623405,-0.5491043427142817,-0.7911874505110054,1.4034819277997603,0.0,0.0,0.0,1.0,1.0,0.0,0.0,1.0,0.0,0.0,0.0,0.0,0.0,1.0,0.0,0.0,0.0,0.0,1.0,0.0,0.0,0.0,0.0
0.4098945178329282,0.05659618061973763,0.04473155030724705,-0.18739750074481856,-0.08627934363881148,1.4034819277997603,0.0,0.0,0.0,1.0,1.0,0.0,0.0,1.0,0.0,0.0,0.0,0.0,0.0,1.0,0.0,0.0,0.0,0.0,1.0,0.0,0.0,0.0,0.0
-1.1143299749655524,-0.36607483082242104,1.0845236519654298,0.060938540010335183,0.6186287632333825,-1.0662349883724185,1.0,0.0,0.0,0.0,1.0,0.0,0.0,0.0,0.0,0.0,0.0,1.0,0.0,1.0,0.0,0.0,0.0,0.0,0.0,1.0,0.0,0.0,0.0
0.9866281097026235,0.38546654645212214,0.29680236283044287,0.9505094299617676,0.6186287632333825,1.4034819277997603,1.0,0.0,0.0,0.0,1.0,0.0,0.0,1.0,0.0,0.0,0.0,0.0,0.0,1.0,0.0,0.0,0.0,0.0,1.0,0.0,0.0,0.0,0.0
-1.0731347184034312,-0.7713239188538814,1.0530148004000304,1.1304630826828934,1.3235368701055763,-1.0662349883724185,1.0,0.0,0.0,0.0,0.0,1.0,0.0,0.0,0.0,0.0,0.0,1.0,0.0,0.0,0.0,1.0,0.0,0.0,0.0,1.0,0.0,0.0,0.0
-0.8259631790307046,-0.4988854353735414,-1.4361844732665285,-0.7650487259796327,-0.7911874505110054,0.16862346971367084,0.0,0.0,0.0,1.0,1.0,0.0,0.0,1.0,0.0,0.0,0.0,0.0,0.0,1.0,0.0,0.0,0.0,1.0,0.0,0.0,0.0,0.0,0.0
1.3161901621995922,0.15039682622951178,1.0530148004000304,1.910262244474439,1.3235368701055763,1.4034819277997603,1.0,0.0,0.0,0.0,1.0,0.0,0.0,1.0,0.0,0.0,0.0,0.0,0.0,1.0,0.0,0.0,0.0,0.0,0.0,1.0,0.0,0.0,0.0
2.1400952934420143,0.24735361738470232,1.0845236519654298,-0.08122484563935428,-0.08627934363881148,0.16862346971367084,0.0,1.0,0.0,0.0,1.0,0.0,0.0,1.0,0.0,0.0,0.0,0.0,0.0,1.0,0.0,0.0,0.0,0.0,0.0,1.0,0.0,0.0,0.0
0.6570660572056548,1.5740709588559225,-1.6567464342243248,0.6985743161521913,-0.08627934363881148,1.4034819277997603,1.0,0.0,0.0,0.0,1.0,0.0,0.0,1.0,0.0,0.0,0.0,0.0,0.0,0.0,0.0,1.0,0.0,1.0,0.0,0.0,0.0,0.0,0.0
0.6158708006435336,0.5869548780715025,1.1160325035308294,1.6103394899392292,2.02844497697777,-1.0662349883724185,0.0,0.0,0.0,1.0,1.0,0.0,0.0,1.0,0.0,0.0,0.0,0.0,0.0,0.0,0.0,1.0,0.0,0.0,0.0,1.0,0.0,0.0,0.0
-0.4140106134094937,-0.23755658421306694,0.7379262847460356,-0.6858691187823374,-1.4960955573831993,0.16862346971367084,0.0,0.0,0.0,1.0,1.0,0.0,0.0,1.0,0.0,0.0,0.0,0.0,0.0,1.0,0.0,0.0,0.0,0.0,0.0,1.0,0.0,0.0,0.0
-0.16683907403676715,-0.11484564540727894,-0.9320428482201368,1.0284893461409221,0.6186287632333825,1.4034819277997603,0.0,0.0,0.0,1.0,1.0,0.0,0.0,1.0,0.0,0.0,0.0,0.0,0.0,1.0,0.0,0.0,0.0,0.0,0.0,0.0,0.0,1.0,0.0
-0.4140106134094937,0.44985191557861587,-1.6252375826589254,-0.0032449294601997244,-0.08627934363881148,0.16862346971367084,0.0,0.0,0.0,1.0,1.0,0.0,0.0,1.0,0.0,0.0,0.0,0.0,0.0,0.0,1.0,0.0,0.0,0.0,0.0,1.0,0.0,0.0,0.0
-0.7023774093443413,-0.7612242531085491,1.1160325035308294,0.16112473693527668,0.6186287632333825,-1.0662349883724185,0.0,0.0,0.0,1.0,1.0,0.0,0.0,0.0,0.0,0.0,0.0,1.0,0.0,1.0,0.0,0.0,0.0,0.0,0.0,1.0,0.0,0.0,0.0
0.8218470834541391,-0.3212575640775088,-0.4279012231737451,-0.37274976304757823,-0.08627934363881148,-1.0662349883724185,0.0,0.0,0.0,1.0,1.0,0.0,0.0,1.0,0.0,0.0,0.0,0.0,0.0,1.0,0.0,0.0,0.0,0.0,1.0,0.0,0.0,0.0,0.0
-0.4140106134094937,0.02301479201650758,-0.9635516997855363,-0.8610240074308999,-0.7911874505110054,-1.0662349883724185,0.0,0.0,0.0,1.0,1.0,0.0,0.0,1.0,0.0,0.0,0.0,0.0,0.0,1.0,0.0,0.0,0.0,0.0,1.0,0.0,0.0,0.0,0.0
-0.8259631790307046,-0.4988854353735414,-1.5622198795281264,-1.1009622110590678,-0.7911874505110054,-1.0662349883724185,0.0,0.0,0.0,1.0,1.0,0.0,0.0,1.0,0.0,0.0,0.0,0.0,0.0,1.0,0.0,0.0,0.0,0.0,1.0,0.0,0.0,0.0,0.0
0.3686992612708071,-0.13151009388707732,-0.36488352004294616,-0.255180043269776,-0.08627934363881148,0.16862346971367084,0.0,0.0,0.0,1.0,1.0,0.0,0.0,1.0,0.0,0.0,0.0,0.0,0.0,0.0,0.0,1.0,0.0,0.0,1.0,0.0,0.0,0.0,0.0
-1.443892027462521,-0.7492309000359669,1.1160325035308294,-0.10641835702031191,0.6186287632333825,-1.0662349883724185,1.0,0.0,0.0,0.0,1.0,0.0,0.0,0.0,0.0,0.0,0.0,1.0,0.0,1.0,0.0,0.0,0.0,0.0,0.0,1.0,0.0,0.0,0.0
0.4098945178329282,-0.14539713428690929,-0.20733926221594878,-0.2491815881790718,-0.08627934363881148,0.16862346971367084,0.0,0.0,0.0,1.0,1.0,0.0,0.0,1.0,0.0,0.0,0.0,0.0,0.0,0.0,0.0,1.0,0.0,0.0,1.0,0.0,0.0,0.0,0.0
0.327504004708686,0.023772266947407507,0.107749253438046,0.0027535256305044726,-0.08627934363881148,0.16862346971367084,0.0,0.0,0.0,1.0,1.0,0.0,0.0,1.0,0.0,0.0,0.0,0.0,0.0,0.0,0.0,1.0,0.0,0.0,1.0,0.0,0.0,0.0,0.0
-0.0020580477882827593,-0.2241745271005016,-0.3963923716083457,-0.5011167019886481,-0.7911874505110054,0.16862346971367084,0.0,0.0,0.0,1.0,1.0,0.0,0.0,1.0,0.0,0.0,0.0,0.0,0.0,1.0,0.0,0.0,0.0,0.0,1.0,0.0,0.0,0.0,0.0
-0.3316201002852515,-0.2155898112169691,1.0530148004000304,0.03274580108402546,0.6186287632333825,0.16862346971367084,1.0,0.0,0.0,0.0,1.0,0.0,0.0,1.0,0.0,0.0,0.0,0.0,0.0,1.0,0.0,0.0,0.0,0.0,0.0,1.0,0.0,0.0,0.0
-0.20803433059888823,-0.1881944678827551,1.0845236519654298,-0.2013139165552523,-0.08627934363881148,0.16862346971367084,0.0,0.0,0.0,1.0,1.0,0.0,0.0,1.0,0.0,0.0,0.0,0.0,0.0,1.0,0.0,0.0,0.0,0.0,0.0,1.0,0.0,0.0,0.0
0.327504004708686,0.0483902022016551,-0.08130385595435087,-0.009243384550903922,-0.7911874505110054,0.16862346971367084,1.0,0.0,0.0,0.0,1.0,0.0,0.0,1.0,0.0,0.0,0.0,0.0,0.0,1.0,0.0,0.0,0.0,0.0,1.0,0.0,0.0,0.0,0.0
-0.08444856091252495,-0.0975499678183973,0.895470542573033,0.1467164478074052,0.6186287632333825,0.16862346971367084,1.0,0.0,0.0,0.0,1.0,0.0,0.0,1.0,0.0,0.0,0.0,0.0,0.0,1.0,0.0,0.0,0.0,0.0,0.0,1.0,0.0,0.0,0.0
-0.29042484372313043,-0.2621745194673145,0.7694351363114351,-0.05723102527653749,0.6186287632333825,0.16862346971367084,0.0,0.0,0.0,1.0,1.0,0.0,0.0,1.0,0.0,0.0,0.0,0.0,0.0,1.0,0.0,0.0,0.0,0.0,0.0,1.0,0.0,0.0,0.0
0.9454328531405024,-0.07192206598961648,0.895470542573033,0.12272262744458841,0.6186287632333825,0.16862346971367084,1.0,0.0,0.0,0.0,1.0,0.0,0.0,1.0,0.0,0.0,0.0,0.0,0.0,1.0,0.0,0.0,0.0,0.0,0.0,1.0,0.0,0.0,0.0
-0.4140106134094937,0.10709450934639936,-2.2239057624015155,-0.2491815881790718,-0.7911874505110054,0.16862346971367084,0.0,0.0,0.0,1.0,1.0,0.0,0.0,0.0,1.0,0.0,0.0,0.0,0.0,1.0,0.0,0.0,0.0,0.0,1.0,0.0,0.0,0.0,0.0
1.1514091359511078,0.2842173973551654,0.8639616910076335,1.8622746037488054,1.3235368701055763,1.4034819277997603,1.0,0.0,0.0,0.0,1.0,0.0,0.0,1.0,0.0,0.0,0.0,0.0,0.0,0.0,0.0,1.0,0.0,0.0,0.0,1.0,0.0,0.0,0.0
0.16272297846020162,0.2570745456645847,-1.1526048091779333,0.0951297340273491,-0.08627934363881148,0.16862346971367084,1.0,0.0,0.0,0.0,0.0,1.0,0.0,1.0,0.0,0.0,0.0,0.0,0.0,0.0,0.0,1.0,0.0,0.0,1.0,0.0,0.0,0.0,0.0
0.2039182350223227,-0.3236562346920252,-0.36488352004294616,-0.36015300735709943,-0.7911874505110054,0.16862346971367084,0.0,0.0,0.0,1.0,1.0,0.0,0.0,1.0,0.0,0.0,0.0,0.0,0.0,1.0,0.0,0.0,0.0,0.0,1.0,0.0,0.0,0.0,0.0
0.03913720877383833,-0.09654000124386407,0.39132891752664134,-0.56110125289569,-0.08627934363881148,0.16862346971367084,0.0,0.0,0.0,1.0,1.0,0.0,0.0,1.0,0.0,0.0,0.0,0.0,0.0,1.0,0.0,0.0,0.0,0.0,0.0,1.0,0.0,0.0,0.0
-0.7023774093443413,-0.7456960170251006,1.1160325035308294,0.7894869015069041,0.6186287632333825,-1.0662349883724185,0.0,0.0,0.0,1.0,1.0,0.0,0.0,0.0,0.0,0.0,0.0,1.0,0.0,0.0,0.0,1.0,0.0,0.0,0.0,1.0,0.0,0.0,0.0
-0.7023774093443413,0.12199151632076458,-1.404675621701129,0.6385897652451493,0.6186287632333825,0.16862346971367084,0.0,0.0,0.0,1.0,1.0,0.0,0.0,1.0,0.0,0.0,0.0,0.0,0.0,0.0,1.0,0.0,0.0,1.0,0.0,0.0,0.0,0.0,0.0
0.45108977439504927,0.1252739076879976,0.7379262847460356,1.08247544195726,0.6186287632333825,0.16862346971367084,1.0,0.0,0.0,0.0,1.0,0.0,0.0,1.0,0.0,0.0,0.0,0.0,0.0,1.0,0.0,0.0,0.0,0.0,0.0,1.0,0.0,0.0,0.0
-0.4140106134094937,-0.22240708559506842,-0.5224277778699435,-0.741054905616816,-1.4960955573831993,0.16862346971367084,0.0,0.0,0.0,1.0,1.0,0.0,0.0,1.0,0.0,0.0,0.0,0.0,0.0,0.0,0.0,1.0,0.0,0.0,1.0,0.0,0.0,0.0,0.0
1.645752214696561,0.5396126948902571,1.1160325035308294,2.570092304451901,1.3235368701055763,0.16862346971367084,0.0,0.0,0.0,1.0,1.0,0.0,0.0,1.0,0.0,0.0,0.0,0.0,0.0,0.0,0.0,1.0,0.0,0.0,0.0,1.0,0.0,0.0,0.0
0.2039182350223227,0.02187857962015769,0.20227580813424445,-0.6570765343469572,-0.7911874505110054,1.4034819277997603,0.0,0.0,0.0,1.0,1.0,0.0,0.0,0.0,0.0,1.0,0.0,0.0,0.0,1.0,0.0,0.0,0.0,0.0,1.0,0.0,0.0,0.0,0.0
-0.4140106134094937,-0.4988854353735414,-1.404675621701129,-0.9450023787007586,-0.7911874505110054,1.4034819277997603,0.0,0.0,0.0,1.0,1.0,0.0,0.0,1.0,0.0,0.0,0.0,0.0,0.0,1.0,0.0,0.0,0.0,1.0,0.0,0.0,0.0,0.0,0.0
1.3573854187617134,0.4444233452404997,1.021505948834631,2.4651193403645775,2.733353083849964,0.16862346971367084,0.0,0.0,0.0,1.0,1.0,0.0,0.0,1.0,0.0,0.0,0.0,0.0,0.0,0.0,0.0,1.0,0.0,0.0,0.0,1.0,0.0,0.0,0.0
-0.29042484372313043,0.393925016513838,1.0530148004000304,-0.2731754085418886,-0.08627934363881148,0.16862346971367084,0.0,0.0,0.0,1.0,1.0,0.0,0.0,1.0,0.0,0.0,0.0,0.0,0.0,1.0,0.0,0.0,0.0,0.0,0.0,1.0,0.0,0.0,0.0
0.2039182350223227,-0.26381571515093105,1.2105590582270278,0.3302691735829536,-0.08627934363881148,-1.0662349883724185,1.0,0.0,0.0,0.0,1.0,0.0,0.0,1.0,0.0,0.0,0.0,0.0,0.0,1.0,0.0,0.0,0.0,0.0,0.0,1.0,0.0,0.0,0.0
-0.0020580477882827593,-0.1967791837662876,-0.36488352004294616,-0.4291352409001977,-0.7911874505110054,1.4034819277997603,0.0,0.0,0.0,1.0,1.0,0.0,0.0,0.0,0.0,1.0,0.0,0.0,0.0,1.0,0.0,0.0,0.0,0.0,1.0,0.0,0.0,0.0,0.0
0.6158708006435336,0.4353336460697006,-0.14432155908514982,-0.2497814336881422,-0.7911874505110054,0.16862346971367084,0.0,0.0,0.0,1.0,1.0,0.0,0.0,1.0,0.0,0.0,0.0,0.0,0.0,1.0,0.0,0.0,0.0,0.0,1.0,0.0,0.0,0.0,0.0
0.4098945178329282,-0.17746357302833948,1.021505948834631,-0.4891197918072397,-1.4960955573831993,-1.0662349883724185,0.0,0.0,0.0,1.0,1.0,0.0,0.0,1.0,0.0,0.0,0.0,0.0,0.0,1.0,0.0,0.0,0.0,0.0,0.0,1.0,0.0,0.0,0.0
0.6158708006435336,0.14534699335684562,1.1160325035308294,-0.29914871908463775,0.6186287632333825,0.16862346971367084,1.0,0.0,0.0,0.0,1.0,0.0,0.0,1.0,0.0,0.0,0.0,0.0,0.0,1.0,0.0,0.0,0.0,0.0,0.0,1.0,0.0,0.0,0.0
-1.8970398496458531,-0.9574102602116299,-0.01828615282355191,-0.6690734445283656,-0.7911874505110054,0.16862346971367084,0.0,0.0,0.0,1.0,1.0,0.0,0.0,0.0,0.0,0.0,0.0,1.0,0.0,1.0,0.0,0.0,0.0,0.0,1.0,0.0,0.0,0.0,0.0
0.4098945178329282,0.0060978518930759,0.07624040187264652,-0.28517231872329696,-0.7911874505110054,0.16862346971367084,0.0,0.0,0.0,1.0,1.0,0.0,0.0,1.0,0.0,0.0,0.0,0.0,0.0,1.0,0.0,0.0,0.0,0.0,1.0,0.0,0.0,0.0,0.0
0.08033246533595943,0.10431710126643297,-0.08130385595435087,-0.531108977442169,-1.4960955573831993,1.4034819277997603,0.0,0.0,0.0,1.0,1.0,0.0,0.0,0.0,0.0,1.0,0.0,0.0,0.0,0.0,0.0,1.0,0.0,0.0,1.0,0.0,0.0,0.0,0.0
0.3686992612708071,0.042582894398089,-0.1758304106505493,-0.2971692289047054,-0.7911874505110054,0.16862346971367084,0.0,0.0,0.0,1.0,1.0,0.0,0.0,1.0,0.0,0.0,0.0,0.0,0.0,0.0,0.0,1.0,0.0,0.0,1.0,0.0,0.0,0.0,0.0
-1.2379157446519156,-0.7973305581481123,-1.530711027962727,-1.5088571572269531,-1.4960955573831993,-1.0662349883724185,0.0,0.0,0.0,1.0,1.0,0.0,0.0,1.0,0.0,0.0,0.0,0.0,0.0,1.0,0.0,0.0,0.0,1.0,0.0,0.0,0.0,0.0,0.0
-0.6199868962200992,0.08083537840853526,-1.4992021763973276,-0.18919703727202983,-0.08627934363881148,0.16862346971367084,0.0,0.0,0.0,1.0,1.0,0.0,0.0,1.0,0.0,0.0,0.0,0.0,0.0,0.0,0.0,1.0,0.0,0.0,0.0,1.0,0.0,0.0,0.0
-0.4140106134094937,0.061646013492403805,-1.593728731093526,0.902521789236134,-0.08627934363881148,2.63834038588585,0.0,0.0,0.0,1.0,1.0,0.0,0.0,1.0,0.0,0.0,0.0,0.0,0.0,1.0,0.0,0.0,0.0,1.0,0.0,0.0,0.0,0.0,0.0
0.9042375965783813,0.02124735051107442,0.7379262847460356,1.3104167354040195,1.3235368701055763,1.4034819277997603,0.0,0.0,0.0,1.0,1.0,0.0,0.0,1.0,0.0,0.0,0.0,0.0,0.0,0.0,0.0,1.0,0.0,0.0,0.0,1.0,0.0,0.0,0.0
-0.0020580477882827593,0.06922076280140306,0.01322269874184757,-1.0049869296078007,-1.4960955573831993,-1.0662349883724185,0.0,0.0,0.0,1.0,1.0,0.0,0.0,1.0,0.0,0.0,0.0,0.0,0.0,1.0,0.0,0.0,0.0,0.0,1.0,0.0,0.0,0.0,0.0
0.327504004708686,0.26995161948988344,0.3283112143958424,-0.06322948036724169,-0.08627934363881148,0.16862346971367084,1.0,0.0,0.0,0.0,1.0,0.0,0.0,1.0,0.0,0.0,0.0,0.0,0.0,1.0,0.0,0.0,0.0,0.0,1.0,0.0,0.0,0.0,0.0
-0.20803433059888823,-0.3537027402843889,-0.11281270751975035,-0.9689961990635754,-0.7911874505110054,0.16862346971367084,0.0,0.0,0.0,1.0,1.0,0.0,0.0,1.0,0.0,0.0,0.0,0.0,0.0,1.0,0.0,0.0,0.0,0.0,1.0,0.0,0.0,0.0,0.0
0.7806518268920181,0.21377222878147226,1.0530148004000304,0.18870563344233457,0.6186287632333825,0.16862346971367084,1.0,0.0,0.0,0.0,1.0,0.0,0.0,1.0,0.0,0.0,0.0,0.0,0.0,1.0,0.0,0.0,0.0,0.0,0.0,1.0,0.0,0.0,0.0
1.563361701572319,0.4066758445173201,1.1160325035308294,1.7303085917533132,2.02844497697777,-1.0662349883724185,1.0,0.0,0.0,0.0,1.0,0.0,0.0,1.0,0.0,0.0,0.0,0.0,0.0,0.0,0.0,1.0,0.0,0.0,0.0,1.0,0.0,0.0,0.0
-0.0020580477882827593,0.4227090638880352,-0.45941007473914464,-0.5850950732585068,-0.7911874505110054,-1.0662349883724185,0.0,0.0,0.0,1.0,1.0,0.0,0.0,1.0,0.0,0.0,0.0,0.0,0.0,0.0,0.0,1.0,0.0,0.0,1.0,0.0,0.0,0.0,0.0
-0.8259631790307046,-0.4988854353735414,-1.0580782544817346,-0.5503040337324224,-0.08627934363881148,-1.0662349883724185,0.0,0.0,0.0,1.0,1.0,0.0,0.0,1.0,0.0,0.0,0.0,0.0,0.0,1.0,0.0,0.0,0.0,1.0,0.0,0.0,0.0,0.0,0.0
0.16272297846020162,0.02389851276922416,0.8639616910076335,0.05074116635613805,0.6186287632333825,0.16862346971367084,1.0,0.0,0.0,0.0,1.0,0.0,0.0,1.0,0.0,0.0,0.0,0.0,0.0,1.0,0.0,0.0,0.0,0.0,0.0,1.0,0.0,0.0,0.0
-0.4140106134094937,0.10709450934639936,-2.2239057624015155,-0.894015510429773,-1.4960955573831993,0.16862346971367084,0.0,0.0,0.0,1.0,1.0,0.0,0.0,0.0,1.0,0.0,0.0,0.0,0.0,1.0,0.0,0.0,0.0,1.0,0.0,0.0,0.0,0.0,0.0
-0.20803433059888823,-0.2716429561035636,-0.11281270751975035,-0.6090888936213236,-0.7911874505110054,0.16862346971367084,0.0,0.0,0.0,1.0,1.0,0.0,0.0,1.0,0.0,0.0,0.0,0.0,0.0,0.0,0.0,1.0,0.0,0.0,0.0,1.0,0.0,0.0,0.0
2.8816099115601936,1.159732171653663,-0.6169543325661421,-0.4771228816258313,-1.4960955573831993,-1.0662349883724185,0.0,0.0,0.0,1.0,1.0,0.0,0.0,1.0,0.0,0.0,0.0,0.0,0.0,1.0,0.0,0.0,0.0,0.0,1.0,0.0,0.0,0.0,0.0
-0.16683907403676715,0.4709349678219971,1.1160325035308294,3.09531703219396,2.733353083849964,0.16862346971367084,0.0,1.0,0.0,0.0,1.0,0.0,0.0,1.0,0.0,0.0,0.0,0.0,0.0,0.0,0.0,1.0,0.0,0.0,0.0,1.0,0.0,0.0,0.0
-0.7847679224685835,0.06669584636506998,-1.0895871060471343,-0.7890425463424495,-0.08627934363881148,0.16862346971367084,0.0,0.0,0.0,1.0,1.0,0.0,0.0,1.0,0.0,0.0,0.0,0.0,0.0,1.0,0.0,0.0,0.0,1.0,0.0,0.0,0.0,0.0,0.0
-0.3316201002852515,-0.25687219495101504,0.895470542573033,-0.0692279354579459,-0.08627934363881148,0.16862346971367084,0.0,0.0,0.0,1.0,1.0,0.0,0.0,1.0,0.0,0.0,0.0,0.0,0.0,1.0,0.0,0.0,0.0,0.0,0.0,1.0,0.0,0.0,0.0
-0.4140106134094937,-0.3696097138332874,1.0845236519654298,-0.05723102527653749,-1.4960955573831993,-1.0662349883724185,0.0,0.0,0.0,1.0,1.0,0.0,0.0,1.0,0.0,0.0,0.0,0.0,0.0,1.0,0.0,0.0,0.0,0.0,0.0,1.0,0.0,0.0,0.0
-0.04325330435040385,-0.298154578685061,-0.27035696534674775,-0.13521094145569204,-0.7911874505110054,1.4034819277997603,0.0,0.0,0.0,1.0,1.0,0.0,0.0,1.0,0.0,0.0,0.0,0.0,0.0,1.0,0.0,0.0,0.0,0.0,1.0,0.0,0.0,0.0,0.0
-0.0020580477882827593,-0.19589546301357103,-0.4279012231737451,-0.4291352409001977,-0.7911874505110054,0.16862346971367084,0.0,0.0,0.0,1.0,1.0,0.0,0.0,1.0,0.0,0.0,0.0,0.0,0.0,1.0,0.0,0.0,0.0,0.0,1.0,0.0,0.0,0.0,0.0
-1.1143299749655524,-0.8546461612528733,1.0845236519654298,0.12272262744458841,0.6186287632333825,-1.0662349883724185,0.0,0.0,0.0,1.0,1.0,0.0,0.0,0.0,0.0,0.0,0.0,1.0,0.0,1.0,0.0,0.0,0.0,0.0,0.0,1.0,0.0,0.0,0.0
-2.0206256193322165,-1.0442673856214881,0.01322269874184757,-1.0949637559683636,-0.08627934363881148,-1.0662349883724185,0.0,0.0,0.0,1.0,1.0,0.0,0.0,0.0,0.0,0.0,0.0,1.0,0.0,1.0,0.0,0.0,0.0,0.0,1.0,0.0,0.0,0.0,0.0
-0.0020580477882827593,-0.10310478397833009,0.9899970972692315,0.39865156161698145,0.6186287632333825,0.16862346971367084,0.0,0.0,0.0,1.0,1.0,0.0,0.0,1.0,0.0,0.0,0.0,0.0,0.0,1.0,0.0,0.0,0.0,0.0,0.0,1.0,0.0,0.0,0.0
1.5221664450101977,0.4973203445816779,1.1160325035308294,3.409876017150488,2.733353083849964,-1.0662349883724185,0.0,0.0,0.0,1.0,1.0,0.0,0.0,1.0,0.0,0.0,0.0,0.0,0.0,1.0,0.0,0.0,0.0,0.0,0.0,1.0,0.0,0.0,0.0
0.5746755440814125,-0.1633240409848742,-0.1758304106505493,-0.2491815881790718,-0.08627934363881148,0.16862346971367084,0.0,0.0,0.0,1.0,1.0,0.0,0.0,1.0,0.0,0.0,0.0,0.0,0.0,1.0,0.0,0.0,0.0,0.0,1.0,0.0,0.0,0.0,0.0
-0.537596383095857,-0.1395898264833432,0.8009439878768345,-0.39314451035597253,-0.7911874505110054,-1.0662349883724185,1.0,0.0,0.0,0.0,1.0,0.0,0.0,1.0,0.0,0.0,0.0,0.0,0.0,1.0,0.0,0.0,0.0,0.0,0.0,1.0,0.0,0.0,0.0
2.469657345938983,3.805339613643471,1.1475413550962288,0.04774193881078595,2.733353083849964,0.16862346971367084,1.0,0.0,0.0,0.0,1.0,0.0,0.0,1.0,0.0,0.0,0.0,0.0,0.0,0.0,0.0,1.0,0.0,0.0,0.0,1.0,0.0,0.0,0.0
-1.6498683102731266,-0.8548986528965066,1.0845236519654298,-0.43930862073403204,0.6186287632333825,-1.0662349883724185,0.0,0.0,0.0,1.0,1.0,0.0,0.0,0.0,0.0,0.0,0.0,1.0,0.0,1.0,0.0,0.0,0.0,0.0,0.0,1.0,0.0,0.0,0.0
0.6570660572056548,0.07704800375403563,1.1475413550962288,1.737794663706512,1.3235368701055763,0.16862346971367084,0.0,0.0,0.0,1.0,1.0,0.0,0.0,1.0,0.0,0.0,0.0,0.0,0.0,1.0,0.0,0.0,0.0,0.0,0.0,1.0,0.0,0.0,0.0
0.08033246533595943,0.06454966739418685,1.0845236519654298,0.7093715353154588,1.3235368701055763,0.16862346971367084,1.0,0.0,0.0,0.0,1.0,0.0,0.0,1.0,0.0,0.0,0.0,0.0,0.0,1.0,0.0,0.0,0.0,0.0,0.0,1.0,0.0,0.0,0.0
-2.0206256193322165,-1.0637092421812528,-0.01828615282355191,-1.1369529416032929,-1.4960955573831993,-2.3010934464585078,0.0,0.0,0.0,1.0,1.0,0.0,0.0,0.0,0.0,0.0,1.0,0.0,0.0,1.0,0.0,0.0,0.0,0.0,1.0,0.0,0.0,0.0,0.0
-1.03193946184131,-0.21962967751510204,-1.7827818404859228,-1.4668679715920236,-2.201003664255393,-1.0662349883724185,0.0,0.0,0.0,1.0,1.0,0.0,0.0,1.0,0.0,0.0,0.0,0.0,0.0,1.0,0.0,0.0,0.0,1.0,0.0,0.0,0.0,0.0,0.0
0.4098945178329282,0.24596491334471912,-0.4279012231737451,-0.17720012709062144,-0.08627934363881148,0.16862346971367084,1.0,0.0,0.0,0.0,1.0,0.0,0.0,1.0,0.0,0.0,0.0,0.0,0.0,1.0,0.0,0.0,0.0,0.0,1.0,0.0,0.0,0.0,0.0
-0.537596383095857,-0.02369616205565452,-0.11281270751975035,-0.6090888936213236,-0.7911874505110054,0.16862346971367084,1.0,0.0,0.0,0.0,1.0,0.0,0.0,1.0,0.0,0.0,0.0,0.0,0.0,1.0,0.0,0.0,0.0,0.0,1.0,0.0,0.0,0.0,0.0
0.16272297846020162,-0.17620111481017295,1.1160325035308294,0.15871335798881359,0.6186287632333825,-1.0662349883724185,0.0,0.0,0.0,1.0,1.0,0.0,0.0,1.0,0.0,0.0,0.0,0.0,0.0,1.0,0.0,0.0,0.0,0.0,0.0,1.0,0.0,0.0,0.0
0.4098945178329282,0.5110811391596932,-0.6484631841315415,-0.26717695345118436,-0.08627934363881148,0.16862346971367084,0.0,0.0,0.0,1.0,1.0,0.0,0.0,1.0,0.0,0.0,0.0,0.0,0.0,1.0,0.0,0.0,0.0,0.0,1.0,0.0,0.0,0.0,0.0
-0.4140106134094937,-0.829901980176809,-0.7744985903931394,-0.5491043427142817,0.6186287632333825,0.16862346971367084,0.0,0.0,0.0,1.0,1.0,0.0,0.0,1.0,0.0,0.0,0.0,0.0,0.0,1.0,0.0,0.0,0.0,0.0,1.0,0.0,0.0,0.0,0.0
-0.0020580477882827593,-0.19589546301357103,-0.4279012231737451,-0.2911707738140012,-0.08627934363881148,0.16862346971367084,0.0,0.0,0.0,1.0,1.0,0.0,0.0,1.0,0.0,0.0,0.0,0.0,0.0,0.0,0.0,1.0,0.0,0.0,1.0,0.0,0.0,0.0,0.0
1.1514091359511078,0.29090842591144805,0.7379262847460356,1.7303085917533132,1.3235368701055763,0.16862346971367084,1.0,0.0,0.0,0.0,1.0,0.0,0.0,1.0,0.0,0.0,0.0,0.0,0.0,1.0,0.0,0.0,0.0,0.0,0.0,1.0,0.0,0.0,0.0
0.6158708006435336,0.19231043907264103,0.1392581050034455,-0.01044307556904476,-0.08627934363881148,0.16862346971367084,0.0,0.0,0.0,1.0,1.0,0.0,0.0,1.0,0.0,0.0,0.0,0.0,0.0,1.0,0.0,0.0,0.0,0.0,1.0,0.0,0.0,0.0,0.0
-0.12564381747464604,0.7995528420107484,0.958488245703832,0.07593467773709567,0.6186287632333825,0.16862346971367084,0.0,1.0,0.0,0.0,1.0,0.0,0.0,1.0,0.0,0.0,0.0,0.0,0.0,1.0,0.0,0.0,0.0,0.0,0.0,1.0,0.0,0.0,0.0
-0.12564381747464604,-0.14830078818869233,-0.679972035696941,-0.8730209176123083,-1.4960955573831993,-1.0662349883724185,0.0,0.0,0.0,1.0,1.0,0.0,0.0,1.0,0.0,0.0,0.0,0.0,0.0,1.0,0.0,0.0,0.0,0.0,1.0,0.0,0.0,0.0,0.0
3.2935624771814047,25.917421550652293,-0.1758304106505493,2.3301541008237328,0.6186287632333825,0.16862346971367084,0.0,0.0,1.0,0.0,0.0,0.0,1.0,1.0,0.0,0.0,0.0,0.0,0.0,0.0,0.0,1.0,0.0,0.0,1.0,0.0,0.0,0.0,0.0
0.4098945178329282,0.5110811391596932,0.8009439878768345,1.7662993222975383,0.6186287632333825,0.16862346971367084,0.0,0.0,0.0,1.0,0.0,1.0,0.0,1.0,0.0,0.0,0.0,0.0,0.0,1.0,0.0,0.0,0.0,0.0,0.0,1.0,0.0,0.0,0.0
0.327504004708686,0.2797987935915825,-1.1526048091779333,2.139403228939339,1.3235368701055763,1.4034819277997603,0.0,0.0,0.0,1.0,0.0,1.0,0.0,1.0,0.0,0.0,0.0,0.0,0.0,1.0,0.0,0.0,0.0,0.0,0.0,1.0,0.0,0.0,0.0
0.16272297846020162,-0.15297188359590855,0.35982006596124183,-0.5251105223514648,-0.7911874505110054,-1.0662349883724185,1.0,0.0,0.0,0.0,1.0,0.0,0.0,1.0,0.0,0.0,0.0,0.0,0.0,0.0,0.0,1.0,0.0,0.0,1.0,0.0,0.0,0.0,0.0
-0.12564381747464604,-0.5488787808129365,-1.4361844732665285,-0.9929900194263922,-0.7911874505110054,-1.0662349883724185,0.0,0.0,0.0,1.0,1.0,0.0,0.0,1.0,0.0,0.0,0.0,0.0,0.0,1.0,0.0,0.0,0.0,0.0,1.0,0.0,0.0,0.0,0.0
-0.8259631790307046,-0.9407458117318316,-1.7512729889205232,-0.3091661390861138,0.6186287632333825,1.4034819277997603,0.0,0.0,0.0,1.0,1.0,0.0,0.0,1.0,0.0,0.0,0.0,0.0,0.0,1.0,0.0,0.0,0.0,0.0,0.0,1.0,0.0,0.0,0.0
1.4809711884480767,0.15683536314216118,0.9269793941384324,0.59660057961022,1.3235368701055763,0.16862346971367084,1.0,0.0,0.0,0.0,1.0,0.0,0.0,1.0,0.0,0.0,0.0,0.0,0.0,1.0,0.0,0.0,0.0,0.0,0.0,1.0,0.0,0.0,0.0
-1.1967204880897946,0.30820410350032973,1.0530148004000304,0.17071026817022197,0.6186287632333825,1.4034819277997603,0.0,1.0,0.0,0.0,1.0,0.0,0.0,1.0,0.0,0.0,0.0,0.0,0.0,1.0,0.0,0.0,0.0,0.0,0.0,1.0,0.0,0.0,0.0
0.4098945178329282,-0.13378251867977708,-0.3333746684775467,-0.6510780792562529,-0.7911874505110054,0.16862346971367084,1.0,0.0,0.0,0.0,1.0,0.0,0.0,1.0,0.0,0.0,0.0,0.0,0.0,1.0,0.0,0.0,0.0,0.0,1.0,0.0,0.0,0.0,0.0
-0.29042484372313043,-0.10954332089097946,0.8639616910076335,-0.0512325701858333,0.6186287632333825,0.16862346971367084,1.0,0.0,0.0,0.0,1.0,0.0,0.0,1.0,0.0,0.0,0.0,0.0,0.0,0.0,0.0,1.0,0.0,0.0,0.0,1.0,0.0,0.0,0.0
0.8218470834541391,0.21995827405048832,1.1475413550962288,1.6080960677353058,2.02844497697777,0.16862346971367084,0.0,0.0,0.0,1.0,1.0,0.0,0.0,1.0,0.0,0.0,0.0,0.0,0.0,0.0,0.0,1.0,0.0,0.0,0.0,1.0,0.0,0.0,0.0
1.23379964907535,0.4290213549788679,0.107749253438046,-0.4591275163537187,-0.7911874505110054,0.16862346971367084,1.0,0.0,0.0,0.0,1.0,0.0,0.0,1.0,0.0,0.0,0.0,0.0,0.0,0.0,0.0,1.0,0.0,0.0,1.0,0.0,0.0,0.0,0.0
-0.4552058699716148,0.23283534787578708,1.0530148004000304,0.41064847179838987,0.6186287632333825,1.4034819277997603,1.0,0.0,0.0,0.0,1.0,0.0,0.0,1.0,0.0,0.0,0.0,0.0,0.0,1.0,0.0,0.0,0.0,0.0,0.0,1.0,0.0,0.0,0.0
0.2039182350223227,0.00433041038764274,1.1160325035308294,-0.4051414205373809,1.3235368701055763,-1.0662349883724185,0.0,0.0,0.0,1.0,1.0,0.0,0.0,1.0,0.0,0.0,0.0,0.0,0.0,1.0,0.0,0.0,0.0,0.0,0.0,1.0,0.0,0.0,0.0
-1.1143299749655524,0.27348650250074974,1.0530148004000304,0.7105712263335997,0.6186287632333825,0.16862346971367084,1.0,0.0,0.0,0.0,1.0,0.0,0.0,1.0,0.0,0.0,0.0,0.0,0.0,0.0,0.0,1.0,0.0,0.0,0.0,1.0,0.0,0.0,0.0
0.4098945178329282,-0.24639379174023274,-0.3018658169121472,-0.4771228816258313,-0.7911874505110054,3.873198843971939,0.0,0.0,0.0,1.0,1.0,0.0,0.0,0.0,0.0,1.0,0.0,0.0,0.0,1.0,0.0,0.0,0.0,0.0,1.0,0.0,0.0,0.0,0.0
0.4098945178329282,-0.04440047683358583,0.07624040187264652,-0.06322948036724169,0.6186287632333825,0.16862346971367084,0.0,0.0,0.0,1.0,1.0,0.0,0.0,1.0,0.0,0.0,0.0,0.0,0.0,0.0,0.0,1.0,0.0,0.0,1.0,0.0,0.0,0.0,0.0
0.03913720877383833,-0.07558319482229944,-0.01828615282355191,-0.7764457906519707,-1.4960955573831993,0.16862346971367084,0.0,0.0,0.0,1.0,1.0,0.0,0.0,1.0,0.0,0.0,0.0,0.0,0.0,1.0,0.0,0.0,0.0,0.0,1.0,0.0,0.0,0.0,0.0
0.5746755440814125,0.09800481017560025,1.1160325035308294,1.022490891050218,1.3235368701055763,0.16862346971367084,0.0,0.0,0.0,1.0,1.0,0.0,0.0,1.0,0.0,0.0,0.0,0.0,0.0,1.0,0.0,0.0,0.0,0.0,0.0,1.0,0.0,0.0,0.0
-0.8259631790307046,-0.49131068606454215,-0.9950605513509357,-0.9689961990635754,-1.4960955573831993,0.16862346971367084,0.0,0.0,0.0,1.0,1.0,0.0,0.0,1.0,0.0,0.0,0.0,0.0,0.0,1.0,0.0,0.0,0.0,0.0,0.0,1.0,0.0,0.0,0.0
0.8218470834541391,0.1636526375202605,0.9899970972692315,1.2504321844969775,2.02844497697777,0.16862346971367084,1.0,0.0,0.0,0.0,1.0,0.0,0.0,1.0,0.0,0.0,0.0,0.0,0.0,0.0,0.0,1.0,0.0,0.0,0.0,1.0,0.0,0.0,0.0
-0.24922958716100932,-0.3703671887641873,0.2652935112650434,-0.45369291604154066,-0.7911874505110054,3.873198843971939,0.0,0.0,0.0,1.0,1.0,0.0,0.0,0.0,0.0,1.0,0.0,0.0,0.0,1.0,0.0,0.0,0.0,0.0,0.0,0.0,1.0,0.0,0.0
-0.08444856091252495,-0.1395898264833432,1.0845236519654298,-0.08242453665749512,-0.08627934363881148,0.16862346971367084,0.0,0.0,0.0,1.0,1.0,0.0,0.0,1.0,0.0,0.0,0.0,0.0,0.0,1.0,0.0,0.0,0.0,0.0,0.0,1.0,0.0,0.0,0.0
0.4098945178329282,0.23889514732298647,1.1790502066616284,2.300161825370212,1.3235368701055763,0.16862346971367084,1.0,0.0,0.0,0.0,1.0,0.0,0.0,1.0,0.0,0.0,0.0,0.0,0.0,0.0,0.0,1.0,0.0,0.0,0.0,1.0,0.0,0.0,0.0
-1.443892027462521,-0.7924069710972627,1.0845236519654298,-0.4891197918072397,-0.08627934363881148,-1.0662349883724185,0.0,0.0,0.0,1.0,1.0,0.0,0.0,0.0,0.0,0.0,0.0,1.0,0.0,1.0,0.0,0.0,0.0,0.0,0.0,1.0,0.0,0.0,0.0
-1.8970398496458531,-0.9685198925314955,0.23378465969964393,-0.4171383307187893,-0.08627934363881148,0.16862346971367084,0.0,0.0,0.0,1.0,1.0,0.0,0.0,0.0,0.0,0.0,1.0,0.0,0.0,1.0,0.0,0.0,0.0,0.0,1.0,0.0,0.0,0.0,0.0
-0.0020580477882827593,-0.5387791150676041,-1.278640215439531,-0.8490270972494914,-0.08627934363881148,-1.0662349883724185,0.0,0.0,0.0,1.0,1.0,0.0,0.0,1.0,0.0,0.0,0.0,0.0,0.0,0.0,0.0,1.0,0.0,1.0,0.0,0.0,0.0,0.0,0.0
-0.4140106134094937,-0.12014796992357843,0.107749253438046,-0.5371074325328733,-0.7911874505110054,1.4034819277997603,0.0,0.0,0.0,1.0,1.0,0.0,0.0,0.0,0.0,1.0,0.0,0.0,0.0,1.0,0.0,0.0,0.0,0.0,1.0,0.0,0.0,0.0,0.0
0.16272297846020162,-0.26608813994363084,0.23378465969964393,-0.37514914508385994,-0.08627934363881148,0.16862346971367084,0.0,0.0,0.0,1.0,1.0,0.0,0.0,1.0,0.0,0.0,0.0,0.0,0.0,0.0,0.0,1.0,0.0,0.0,1.0,0.0,0.0,0.0,0.0
-0.8259631790307046,-0.12014796992357843,-2.8540827937095052,-0.681070354709774,-0.7911874505110054,0.16862346971367084,0.0,0.0,0.0,1.0,1.0,0.0,0.0,1.0,0.0,0.0,0.0,0.0,0.0,1.0,0.0,0.0,0.0,1.0,0.0,0.0,0.0,0.0,0.0
0.5334802875192914,-0.012965267201238903,1.1475413550962288,0.8104814943243688,0.6186287632333825,0.16862346971367084,0.0,0.0,0.0,1.0,1.0,0.0,0.0,1.0,0.0,0.0,0.0,0.0,0.0,0.0,0.0,1.0,0.0,0.0,0.0,1.0,0.0,0.0,0.0
-0.3316201002852515,7.676920231294809,0.1392581050034455,1.1904476335899354,0.6186287632333825,-1.0662349883724185,1.0,0.0,0.0,0.0,0.0,1.0,0.0,1.0,0.0,0.0,0.0,0.0,0.0,1.0,0.0,0.0,0.0,0.0,1.0,0.0,0.0,0.0,0.0
-0.20803433059888823,-0.1895831719227383,0.9269793941384324,-0.021240294732312315,0.6186287632333825,0.16862346971367084,0.0,0.0,0.0,1.0,1.0,0.0,0.0,1.0,0.0,0.0,0.0,0.0,0.0,1.0,0.0,0.0,0.0,0.0,0.0,1.0,0.0,0.0,0.0
-0.0020580477882827593,-0.3726396135568871,-1.9088172467475206,-0.8790193727030124,-0.7911874505110054,0.16862346971367084,0.0,0.0,0.0,1.0,1.0,0.0,0.0,0.0,1.0,0.0,0.0,0.0,0.0,1.0,0.0,0.0,0.0,0.0,1.0,0.0,0.0,0.0,0.0
0.739456570329897,0.3425429670344597,1.0845236519654298,1.2049998856399837,1.3235368701055763,1.4034819277997603,1.0,0.0,0.0,0.0,1.0,0.0,0.0,1.0,0.0,0.0,0.0,0.0,0.0,0.0,0.0,1.0,0.0,0.0,0.0,1.0,0.0,0.0,0.0
0.03913720877383833,-0.38526419573855253,-0.9635516997855363,-0.7230595403447033,-0.7911874505110054,-1.0662349883724185,0.0,0.0,0.0,1.0,1.0,0.0,0.0,1.0,0.0,0.0,0.0,0.0,0.0,1.0,0.0,0.0,0.0,0.0,1.0,0.0,0.0,0.0,0.0
-0.08444856091252495,-0.1180017909526953,0.895470542573033,0.1347195376259968,0.6186287632333825,0.16862346971367084,1.0,0.0,0.0,0.0,1.0,0.0,0.0,1.0,0.0,0.0,0.0,0.0,0.0,1.0,0.0,0.0,0.0,0.0,0.0,1.0,0.0,0.0,0.0
1.23379964907535,0.32827718916917775,1.0530148004000304,0.8893251880365848,0.6186287632333825,0.16862346971367084,0.0,0.0,0.0,1.0,1.0,0.0,0.0,1.0,0.0,0.0,0.0,0.0,0.0,1.0,0.0,0.0,0.0,0.0,0.0,1.0,0.0,0.0,0.0
0.4098945178329282,-0.14337720113784283,-0.23884811378134826,-0.5011167019886481,-0.7911874505110054,0.16862346971367084,0.0,0.0,0.0,1.0,1.0,0.0,0.0,1.0,0.0,0.0,0.0,0.0,0.0,1.0,0.0,0.0,0.0,0.0,0.0,1.0,0.0,0.0,0.0
-0.4140106134094937,0.10709450934639936,-1.7827818404859228,-0.2131908576348466,0.6186287632333825,-1.0662349883724185,0.0,0.0,0.0,1.0,1.0,0.0,0.0,1.0,0.0,0.0,0.0,0.0,0.0,1.0,0.0,0.0,0.0,1.0,0.0,0.0,0.0,0.0,0.0
-1.4026967709004,-0.9700348423932953,1.021505948834631,-0.09322175582076268,0.6186287632333825,-1.0662349883724185,0.0,0.0,0.0,1.0,1.0,0.0,0.0,0.0,0.0,0.0,1.0,0.0,0.0,1.0,0.0,0.0,0.0,0.0,0.0,1.0,0.0,0.0,0.0
1.645752214696561,-0.18680576384277192,-0.23884811378134826,-0.8490270972494914,-0.7911874505110054,-1.0662349883724185,0.0,1.0,0.0,0.0,0.0,1.0,0.0,0.0,0.0,1.0,0.0,0.0,0.0,1.0,0.0,0.0,0.0,0.0,1.0,0.0,0.0,0.0,0.0
-0.4140106134094937,0.1320911820660969,-0.9320428482201368,-0.7650487259796327,-0.7911874505110054,0.16862346971367084,0.0,0.0,0.0,1.0,1.0,0.0,0.0,1.0,0.0,0.0,0.0,0.0,0.0,1.0,0.0,0.0,0.0,0.0,1.0,0.0,0.0,0.0,0.0
-0.0020580477882827593,0.2291742190431041,-1.9088172467475206,-0.8250332768866747,-1.4960955573831993,-1.0662349883724185,0.0,0.0,0.0,1.0,1.0,0.0,0.0,1.0,0.0,0.0,0.0,0.0,0.0,1.0,0.0,0.0,0.0,0.0,1.0,0.0,0.0,0.0,0.0
-0.08444856091252495,0.1639051291638938,0.958488245703832,0.5126222083403612,0.6186287632333825,0.16862346971367084,1.0,0.0,0.0,0.0,1.0,0.0,0.0,1.0,0.0,0.0,0.0,0.0,0.0,1.0,0.0,0.0,0.0,0.0,0.0,1.0,0.0,0.0,0.0
0.6158708006435336,-0.07596193228774942,-0.20733926221594878,-0.2731754085418886,-0.08627934363881148,0.16862346971367084,0.0,0.0,0.0,1.0,1.0,0.0,0.0,1.0,0.0,0.0,0.0,0.0,0.0,0.0,0.0,1.0,0.0,0.0,1.0,0.0,0.0,0.0,0.0
0.2039182350223227,-0.12014796992357843,1.1790502066616284,0.3506639208913479,1.3235368701055763,0.16862346971367084,0.0,0.0,0.0,1.0,1.0,0.0,0.0,1.0,0.0,0.0,0.0,0.0,0.0,1.0,0.0,0.0,0.0,0.0,0.0,1.0,0.0,0.0,0.0
-0.6199868962200992,-0.5384003776021542,-1.8457995436167218,-0.5383071235510141,-0.7911874505110054,3.873198843971939,0.0,0.0,0.0,1.0,1.0,0.0,0.0,0.0,1.0,0.0,0.0,0.0,0.0,1.0,0.0,0.0,0.0,0.0,0.0,1.0,0.0,0.0,0.0
-1.443892027462521,-0.7924069710972627,1.0845236519654298,-0.39314451035597253,-0.08627934363881148,-1.0662349883724185,0.0,0.0,0.0,1.0,1.0,0.0,0.0,0.0,0.0,0.0,0.0,1.0,0.0,1.0,0.0,0.0,0.0,0.0,0.0,1.0,0.0,0.0,0.0
-0.4140106134094937,1.512210506165762,1.0845236519654298,0.13639910505139397,-0.7911874505110054,1.4034819277997603,0.0,0.0,1.0,0.0,1.0,0.0,0.0,1.0,0.0,0.0,0.0,0.0,0.0,1.0,0.0,0.0,0.0,0.0,0.0,1.0,0.0,0.0,0.0
-0.7847679224685835,-0.24273266290754977,1.0845236519654298,-0.05723102527653749,-0.08627934363881148,0.16862346971367084,1.0,0.0,0.0,0.0,1.0,0.0,0.0,1.0,0.0,0.0,0.0,0.0,0.0,1.0,0.0,0.0,0.0,0.0,0.0,1.0,0.0,0.0,0.0
-0.4552058699716148,-0.5859950524270329,-1.9088172467475206,-0.7650487259796327,-0.08627934363881148,-1.0662349883724185,0.0,0.0,0.0,1.0,1.0,0.0,0.0,1.0,0.0,0.0,0.0,0.0,0.0,0.0,0.0,1.0,0.0,0.0,1.0,0.0,0.0,0.0,0.0
1.1514091359511078,0.18637688544725828,1.1160325035308294,0.8305403281476836,1.3235368701055763,0.16862346971367084,1.0,0.0,0.0,0.0,1.0,0.0,0.0,1.0,0.0,0.0,0.0,0.0,0.0,1.0,0.0,0.0,0.0,0.0,0.0,1.0,0.0,0.0,0.0
-0.8671584355928258,-0.216726023613319,-0.4909189263045441,-0.6690734445283656,-0.7911874505110054,-1.0662349883724185,1.0,0.0,0.0,0.0,1.0,0.0,0.0,1.0,0.0,0.0,0.0,0.0,0.0,1.0,0.0,0.0,0.0,0.0,1.0,0.0,0.0,0.0,0.0
-0.4140106134094937,-0.10954332089097946,-0.9320428482201368,-1.0289807499706174,-0.7911874505110054,0.16862346971367084,0.0,0.0,0.0,1.0,1.0,0.0,0.0,1.0,0.0,0.0,0.0,0.0,0.0,1.0,0.0,0.0,0.0,0.0,1.0,0.0,0.0,0.0,0.0
-0.6199868962200992,-0.14539713428690929,-1.9088172467475206,-1.0109853846985049,-1.4960955573831993,0.16862346971367084,0.0,0.0,0.0,1.0,1.0,0.0,0.0,1.0,0.0,0.0,0.0,0.0,0.0,1.0,0.0,0.0,0.0,1.0,0.0,0.0,0.0,0.0,0.0
2.428462089376862,0.8566159534718761,1.0530148004000304,1.6103394899392292,2.02844497697777,0.16862346971367084,0.0,0.0,0.0,1.0,1.0,0.0,0.0,1.0,0.0,0.0,0.0,0.0,0.0,0.0,0.0,1.0,0.0,0.0,0.0,1.0,0.0,0.0,0.0
-0.8259631790307046,-0.3726396135568871,-1.467693324831928,-0.8250332768866747,-0.08627934363881148,-1.0662349883724185,0.0,0.0,0.0,1.0,1.0,0.0,0.0,1.0,0.0,0.0,0.0,0.0,0.0,1.0,0.0,0.0,0.0,1.0,0.0,0.0,0.0,0.0,0.0
-0.04325330435040385,-0.12355660711262809,-0.3963923716083457,-0.36915068999315576,-0.7911874505110054,0.16862346971367084,0.0,0.0,0.0,1.0,1.0,0.0,0.0,1.0,0.0,0.0,0.0,0.0,0.0,1.0,0.0,0.0,0.0,0.0,1.0,0.0,0.0,0.0,0.0
1.23379964907535,0.3848353173430389,-0.08130385595435087,0.1527149028981094,-0.08627934363881148,1.4034819277997603,0.0,0.0,0.0,1.0,1.0,0.0,0.0,1.0,0.0,0.0,0.0,0.0,0.0,1.0,0.0,0.0,0.0,0.0,1.0,0.0,0.0,0.0,0.0
0.6158708006435336,0.07856295361583548,1.0845236519654298,0.8545341485105005,1.3235368701055763,0.16862346971367084,0.0,0.0,0.0,1.0,1.0,0.0,0.0,1.0,0.0,0.0,0.0,0.0,0.0,1.0,0.0,0.0,0.0,0.0,0.0,1.0,0.0,0.0,0.0
0.327504004708686,-0.2716429561035636,-0.7114808872623405,0.5306175736124737,-0.7911874505110054,0.16862346971367084,0.0,0.0,0.0,1.0,0.0,1.0,0.0,1.0,0.0,0.0,0.0,0.0,0.0,1.0,0.0,0.0,0.0,0.0,1.0,0.0,0.0,0.0,0.0
-0.8259631790307046,3.179034091611049,-0.23884811378134826,0.07113591366453231,-0.7911874505110054,0.16862346971367084,0.0,0.0,0.0,1.0,0.0,1.0,0.0,1.0,0.0,0.0,0.0,0.0,0.0,0.0,0.0,1.0,0.0,0.0,1.0,0.0,0.0,0.0,0.0
-0.8259631790307046,-0.1832708808319056,-1.593728731093526,-1.688810809948079,-1.4960955573831993,0.16862346971367084,0.0,0.0,0.0,1.0,1.0,0.0,0.0,1.0,0.0,0.0,0.0,0.0,0.0,0.0,1.0,0.0,0.0,1.0,0.0,0.0,0.0,0.0,0.0
-0.24922958716100932,-0.14653334668325918,1.021505948834631,0.3206716454378269,-0.08627934363881148,0.16862346971367084,1.0,0.0,0.0,0.0,1.0,0.0,0.0,1.0,0.0,0.0,0.0,0.0,0.0,1.0,0.0,0.0,0.0,0.0,0.0,1.0,0.0,0.0,0.0
0.2039182350223227,0.32272237300924494,-0.9635516997855363,-0.2491815881790718,-0.08627934363881148,1.4034819277997603,1.0,0.0,0.0,0.0,1.0,0.0,0.0,1.0,0.0,0.0,0.0,0.0,0.0,1.0,0.0,0.0,0.0,0.0,1.0,0.0,0.0,0.0,0.0
0.4098945178329282,0.09712108942288367,-0.36488352004294616,-0.46512597144442286,-0.08627934363881148,0.16862346971367084,1.0,0.0,0.0,0.0,1.0,0.0,0.0,1.0,0.0,0.0,0.0,0.0,0.0,0.0,0.0,1.0,0.0,0.0,1.0,0.0,0.0,0.0,0.0
0.49228503095717036,-0.11762305348724533,-0.20733926221594878,-0.14720785163710046,-0.08627934363881148,0.16862346971367084,0.0,0.0,0.0,1.0,1.0,0.0,0.0,1.0,0.0,0.0,0.0,0.0,0.0,1.0,0.0,0.0,0.0,0.0,1.0,0.0,0.0,0.0,0.0
-0.537596383095857,-0.44586219021054657,-0.5854454810007426,-0.6870688098004781,-0.7911874505110054,-1.0662349883724185,1.0,0.0,0.0,0.0,1.0,0.0,0.0,1.0,0.0,0.0,0.0,0.0,0.0,1.0,0.0,0.0,0.0,0.0,0.0,1.0,0.0,0.0,0.0
-0.12564381747464604,-0.1356762060070269,-1.0265694029163352,-0.9689961990635754,-1.4960955573831993,-1.0662349883724185,0.0,0.0,0.0,1.0,0.0,1.0,0.0,1.0,0.0,0.0,0.0,0.0,0.0,1.0,0.0,0.0,0.0,0.0,1.0,0.0,0.0,0.0,0.0
-0.7435726659064624,-0.46858643813754436,-1.4361844732665285,-0.9330054685193502,-1.4960955573831993,-1.0662349883724185,0.0,0.0,0.0,1.0,1.0,0.0,0.0,1.0,0.0,0.0,0.0,0.0,0.0,1.0,0.0,0.0,0.0,0.0,1.0,0.0,0.0,0.0,0.0
0.2039182350223227,-0.3095167026485599,-0.36488352004294616,-0.32116304926752215,-0.7911874505110054,0.16862346971367084,0.0,0.0,0.0,1.0,1.0,0.0,0.0,1.0,0.0,0.0,0.0,0.0,0.0,0.0,0.0,1.0,0.0,0.0,1.0,0.0,0.0,0.0,0.0
-1.0731347184034312,-0.44308478213058017,1.1160325035308294,0.2606870945307849,1.3235368701055763,-1.0662349883724185,1.0,0.0,0.0,0.0,1.0,0.0,0.0,0.0,0.0,0.0,0.0,1.0,0.0,1.0,0.0,0.0,0.0,0.0,0.0,1.0,0.0,0.0,0.0
-1.1967204880897946,-0.9199152511320836,0.20227580813424445,-0.6450796241655488,-0.7911874505110054,1.4034819277997603,0.0,0.0,0.0,1.0,1.0,0.0,0.0,0.0,0.0,0.0,0.0,1.0,0.0,1.0,0.0,0.0,0.0,0.0,0.0,1.0,0.0,0.0,0.0
0.03913720877383833,-0.05450014257891818,1.1475413550962288,1.347331228032213,1.3235368701055763,0.16862346971367084,1.0,0.0,0.0,0.0,1.0,0.0,0.0,1.0,0.0,0.0,0.0,0.0,0.0,1.0,0.0,0.0,0.0,0.0,0.0,1.0,0.0,0.0,0.0
-0.3728153568473726,-0.024453636986554447,0.01322269874184757,-0.7350564505261117,-0.7911874505110054,0.16862346971367084,1.0,0.0,0.0,0.0,1.0,0.0,0.0,1.0,0.0,0.0,0.0,0.0,0.0,1.0,0.0,0.0,0.0,0.0,1.0,0.0,0.0,0.0,0.0
-2.0206256193322165,-1.0204069252981405,-0.01828615282355191,-0.8970147379751251,-0.08627934363881148,-1.0662349883724185,0.0,0.0,0.0,1.0,1.0,0.0,0.0,0.0,0.0,0.0,1.0,0.0,0.0,1.0,0.0,0.0,0.0,0.0,1.0,0.0,0.0,0.0,0.0
-0.4140106134094937,-0.15423434181407508,-1.7512729889205232,-0.3262617360946207,-0.08627934363881148,0.16862346971367084,0.0,0.0,0.0,1.0,1.0,0.0,0.0,1.0,0.0,0.0,0.0,0.0,0.0,1.0,0.0,0.0,0.0,1.0,0.0,0.0,0.0,0.0,0.0
-2.0206256193322165,-1.0442673856214881,0.01322269874184757,-1.1129591212404761,-0.08627934363881148,0.16862346971367084,0.0,0.0,0.0,1.0,1.0,0.0,0.0,0.0,0.0,0.0,1.0,0.0,0.0,1.0,0.0,0.0,0.0,0.0,1.0,0.0,0.0,0.0,0.0
-0.9083536921549469,-0.46858643813754436,1.1160325035308294,0.8785279688733172,1.3235368701055763,-1.0662349883724185,0.0,0.0,0.0,1.0,1.0,0.0,0.0,0.0,0.0,0.0,0.0,1.0,0.0,0.0,0.0,1.0,0.0,0.0,0.0,1.0,0.0,0.0,0.0
-2.0206256193322165,-1.0442673856214881,0.04473155030724705,-0.7530518157982243,-0.08627934363881148,0.16862346971367084,0.0,0.0,0.0,1.0,1.0,0.0,0.0,0.0,0.0,0.0,1.0,0.0,0.0,1.0,0.0,0.0,0.0,0.0,1.0,0.0,0.0,0.0,0.0
0.327504004708686,0.023772266947407507,0.8639616910076335,0.3896538789809252,0.6186287632333825,0.16862346971367084,0.0,0.0,0.0,1.0,1.0,0.0,0.0,1.0,0.0,0.0,0.0,0.0,0.0,0.0,0.0,1.0,0.0,0.0,0.0,1.0,0.0,0.0,0.0
-0.6199868962200992,0.08108787005216857,-1.404675621701129,-1.0109853846985049,-0.7911874505110054,-1.0662349883724185,0.0,0.0,0.0,1.0,1.0,0.0,0.0,1.0,0.0,0.0,0.0,0.0,0.0,1.0,0.0,0.0,0.0,1.0,0.0,0.0,0.0,0.0,0.0
-0.0020580477882827593,-0.19589546301357103,0.29680236283044287,-0.11721557618357946,-0.08627934363881148,0.16862346971367084,0.0,0.0,0.0,1.0,1.0,0.0,0.0,1.0,0.0,0.0,0.0,0.0,0.0,1.0,0.0,0.0,0.0,0.0,1.0,0.0,0.0,0.0,0.0
0.6158708006435336,0.08500149052848485,0.107749253438046,-0.12921248636498786,0.6186287632333825,0.16862346971367084,0.0,0.0,0.0,1.0,1.0,0.0,0.0,1.0,0.0,0.0,0.0,0.0,0.0,1.0,0.0,0.0,0.0,0.0,1.0,0.0,0.0,0.0,0.0
-0.4140106134094937,-0.3473904491935562,-0.6484631841315415,-0.9893909463719697,-0.7911874505110054,0.16862346971367084,0.0,0.0,0.0,1.0,1.0,0.0,0.0,1.0,0.0,0.0,0.0,0.0,0.0,0.0,0.0,1.0,0.0,0.0,1.0,0.0,0.0,0.0,0.0
-0.4140106134094937,-0.19589546301357103,-1.593728731093526,-1.448872606319911,-2.9059117711275873,-2.3010934464585078,0.0,0.0,0.0,1.0,1.0,0.0,0.0,1.0,0.0,0.0,0.0,0.0,0.0,1.0,0.0,0.0,0.0,0.0,1.0,0.0,0.0,0.0,0.0
0.4098945178329282,-0.05020778463715193,0.7064174331806361,0.41064847179838987,1.3235368701055763,0.16862346971367084,1.0,0.0,0.0,0.0,1.0,0.0,0.0,1.0,0.0,0.0,0.0,0.0,0.0,1.0,0.0,0.0,0.0,0.0,0.0,1.0,0.0,0.0,0.0
0.8218470834541391,0.10305464304826642,0.17076695656884497,0.44663920234261506,-0.7911874505110054,0.16862346971367084,1.0,0.0,0.0,0.0,1.0,0.0,0.0,1.0,0.0,0.0,0.0,0.0,0.0,1.0,0.0,0.0,0.0,0.0,1.0,0.0,0.0,0.0,0.0
-2.0206256193322165,-1.0098022762655414,0.07624040187264652,-1.1729436721475182,-0.08627934363881148,-1.0662349883724185,0.0,0.0,0.0,1.0,1.0,0.0,0.0,0.0,0.0,0.0,1.0,0.0,0.0,1.0,0.0,0.0,0.0,0.0,1.0,0.0,0.0,0.0,0.0
-0.29042484372313043,-0.1849120765155221,1.0530148004000304,0.11072571726318002,0.6186287632333825,0.16862346971367084,0.0,0.0,0.0,1.0,1.0,0.0,0.0,1.0,0.0,0.0,0.0,0.0,0.0,1.0,0.0,0.0,0.0,0.0,0.0,1.0,0.0,0.0,0.0
-0.8259631790307046,-0.31961636839389224,-0.9950605513509357,-0.7530518157982243,-0.7911874505110054,-1.0662349883724185,0.0,0.0,0.0,1.0,1.0,0.0,0.0,0.0,1.0,0.0,0.0,0.0,0.0,1.0,0.0,0.0,0.0,1.0,0.0,0.0,0.0,0.0,0.0
-0.24922958716100932,-0.11547687451636221,1.1160325035308294,1.021291200032077,1.3235368701055763,-1.0662349883724185,1.0,0.0,0.0,0.0,1.0,0.0,0.0,1.0,0.0,0.0,0.0,0.0,0.0,0.0,0.0,1.0,0.0,0.0,0.0,1.0,0.0,0.0,0.0
0.28630874814656493,-0.020918753975688126,-0.27035696534674775,-0.2611784983604802,-0.08627934363881148,0.16862346971367084,1.0,0.0,0.0,0.0,1.0,0.0,0.0,1.0,0.0,0.0,0.0,0.0,0.0,1.0,0.0,0.0,0.0,0.0,1.0,0.0,0.0,0.0,0.0
-0.4140106134094937,-0.4231379422835488,-2.475976574924711,-0.8790193727030124,-0.7911874505110054,1.4034819277997603,0.0,0.0,0.0,1.0,1.0,0.0,0.0,1.0,0.0,0.0,0.0,0.0,0.0,1.0,0.0,0.0,0.0,0.0,0.0,0.0,0.0,1.0,0.0
0.3686992612708071,0.1987489759852904,-1.530711027962727,0.12272262744458841,-0.08627934363881148,0.16862346971367084,1.0,0.0,0.0,0.0,0.0,1.0,0.0,1.0,0.0,0.0,0.0,0.0,0.0,1.0,0.0,0.0,0.0,1.0,0.0,0.0,0.0,0.0,0.0
0.4098945178329282,-0.04440047683358583,0.17076695656884497,0.07473498671895483,-0.08627934363881148,0.16862346971367084,0.0,0.0,0.0,1.0,1.0,0.0,0.0,1.0,0.0,0.0,0.0,0.0,0.0,0.0,0.0,1.0,0.0,0.0,1.0,0.0,0.0,0.0,0.0
-0.24922958716100932,-0.20599512875890336,1.0530148004000304,0.0615383855194056,0.6186287632333825,0.16862346971367084,0.0,0.0,0.0,1.0,1.0,0.0,0.0,1.0,0.0,0.0,0.0,0.0,0.0,1.0,0.0,0.0,0.0,0.0,0.0,1.0,0.0,0.0,0.0
-0.0020580477882827593,-0.3726396135568871,-0.3333746684775467,-0.5491043427142817,-0.7911874505110054,-1.0662349883724185,0.0,0.0,0.0,1.0,1.0,0.0,0.0,1.0,0.0,0.0,0.0,0.0,0.0,1.0,0.0,0.0,0.0,0.0,1.0,0.0,0.0,0.0,0.0
-0.3316201002852515,0.34405791689625953,1.021505948834631,1.118466172501485,1.3235368701055763,-2.3010934464585078,1.0,0.0,0.0,0.0,1.0,0.0,0.0,0.0,0.0,0.0,0.0,1.0,0.0,0.0,0.0,1.0,0.0,0.0,0.0,1.0,0.0,0.0,0.0
0.8218470834541391,-0.574632928463534,-1.593728731093526,-0.9090116481565335,-1.4960955573831993,-1.0662349883724185,0.0,0.0,0.0,1.0,1.0,0.0,0.0,1.0,0.0,0.0,0.0,0.0,0.0,1.0,0.0,0.0,0.0,0.0,0.0,1.0,0.0,0.0,0.0
2.2224858065662563,0.7835196226400333,1.0845236519654298,0.9505094299617676,0.6186287632333825,0.16862346971367084,1.0,0.0,0.0,0.0,0.0,1.0,0.0,1.0,0.0,0.0,0.0,0.0,0.0,0.0,0.0,1.0,0.0,0.0,0.0,1.0,0.0,0.0,0.0
0.2039182350223227,0.02187857962015769,0.20227580813424445,-0.11121712109287527,-0.08627934363881148,0.16862346971367084,0.0,0.0,0.0,1.0,1.0,0.0,0.0,1.0,0.0,0.0,0.0,0.0,0.0,1.0,0.0,0.0,0.0,0.0,1.0,0.0,0.0,0.0,0.0
-1.1555252315276734,2.0485027572429098,0.5803820269190382,1.850277693567397,0.6186287632333825,1.4034819277997603,1.0,0.0,0.0,0.0,0.0,1.0,0.0,1.0,0.0,0.0,0.0,0.0,0.0,0.0,0.0,1.0,0.0,0.0,0.0,1.0,0.0,0.0,0.0
-0.4140106134094937,-0.3813505752622362,1.021505948834631,-0.18439827319946647,0.6186287632333825,0.16862346971367084,0.0,0.0,0.0,1.0,1.0,0.0,0.0,1.0,0.0,0.0,0.0,0.0,0.0,1.0,0.0,0.0,0.0,0.0,0.0,1.0,0.0,0.0,0.0
-1.1967204880897946,-0.6352309229355281,0.958488245703832,0.3926531065262773,1.3235368701055763,-1.0662349883724185,0.0,0.0,0.0,1.0,1.0,0.0,0.0,0.0,0.0,0.0,0.0,1.0,0.0,1.0,0.0,0.0,0.0,0.0,0.0,1.0,0.0,0.0,0.0
1.23379964907535,0.0066028351803425174,-0.20733926221594878,-0.16520321690921305,-0.08627934363881148,0.16862346971367084,0.0,0.0,0.0,1.0,1.0,0.0,0.0,1.0,0.0,0.0,0.0,0.0,0.0,1.0,0.0,0.0,0.0,0.0,1.0,0.0,0.0,0.0,0.0
0.16272297846020162,-0.13378251867977708,-0.553936629435343,-0.7770456361610412,-0.7911874505110054,0.16862346971367084,0.0,0.0,0.0,1.0,1.0,0.0,0.0,1.0,0.0,0.0,0.0,0.0,0.0,1.0,0.0,0.0,0.0,0.0,0.0,0.0,0.0,1.0,0.0
-1.2379157446519156,-0.574632928463534,-1.404675621701129,-0.3451568696303389,-0.08627934363881148,0.16862346971367084,0.0,0.0,0.0,1.0,1.0,0.0,0.0,1.0,0.0,0.0,0.0,0.0,0.0,1.0,0.0,0.0,0.0,1.0,0.0,0.0,0.0,0.0,0.0
0.8630423400162602,0.08841012771753452,1.1160325035308294,1.1844491784992313,0.6186287632333825,0.16862346971367084,1.0,0.0,0.0,0.0,1.0,0.0,0.0,1.0,0.0,0.0,0.0,0.0,0.0,1.0,0.0,0.0,0.0,0.0,0.0,1.0,0.0,0.0,0.0
0.4098945178329282,0.20607123365065635,0.2652935112650434,0.19470408853303878,0.6186287632333825,0.16862346971367084,0.0,0.0,0.0,1.0,1.0,0.0,0.0,1.0,0.0,0.0,0.0,0.0,0.0,0.0,0.0,1.0,0.0,0.0,1.0,0.0,0.0,0.0,0.0
-0.16683907403676715,0.47257616350561366,1.0530148004000304,-0.2611784983604802,-0.7911874505110054,0.16862346971367084,0.0,0.0,0.0,1.0,1.0,0.0,0.0,1.0,0.0,0.0,0.0,0.0,0.0,1.0,0.0,0.0,0.0,0.0,0.0,1.0,0.0,0.0,0.0
-0.0020580477882827593,-0.30194195333956064,-0.36488352004294616,-0.5647003259501125,-0.7911874505110054,0.16862346971367084,0.0,0.0,0.0,1.0,1.0,0.0,0.0,1.0,0.0,0.0,0.0,0.0,0.0,1.0,0.0,0.0,0.0,0.0,1.0,0.0,0.0,0.0,0.0
0.8630423400162602,0.21351973713783895,-0.04979500438895139,0.23069481907726394,-0.7911874505110054,3.873198843971939,0.0,0.0,0.0,1.0,1.0,0.0,0.0,0.0,0.0,1.0,0.0,0.0,0.0,1.0,0.0,0.0,0.0,0.0,1.0,0.0,0.0,0.0,0.0
-1.4026967709004,-0.9473105944662976,1.021505948834631,-0.32116304926752215,0.6186287632333825,-1.0662349883724185,0.0,0.0,0.0,1.0,1.0,0.0,0.0,0.0,0.0,0.0,1.0,0.0,0.0,1.0,0.0,0.0,0.0,0.0,0.0,1.0,0.0,0.0,0.0
0.2039182350223227,-0.026473570135620916,0.9899970972692315,0.5906021245195158,1.3235368701055763,0.16862346971367084,0.0,0.0,0.0,1.0,1.0,0.0,0.0,1.0,0.0,0.0,0.0,0.0,0.0,0.0,0.0,1.0,0.0,0.0,0.0,1.0,0.0,0.0,0.0
-1.5262825405867633,-0.6938089842584557,-1.593728731093526,-0.8130363667052662,-1.4960955573831993,-1.0662349883724185,0.0,0.0,0.0,1.0,1.0,0.0,0.0,0.0,1.0,0.0,0.0,0.0,0.0,1.0,0.0,0.0,0.0,1.0,0.0,0.0,0.0,0.0,0.0
0.6158708006435336,0.4889881203417787,-0.3963923716083457,-0.4891197918072397,-0.7911874505110054,0.16862346971367084,0.0,0.0,0.0,1.0,1.0,0.0,0.0,1.0,0.0,0.0,0.0,0.0,0.0,1.0,0.0,0.0,0.0,0.0,1.0,0.0,0.0,0.0,0.0
-0.4140106134094937,-0.4988854353735414,-0.9320428482201368,-0.5970919834399152,-0.08627934363881148,0.16862346971367084,0.0,0.0,0.0,1.0,1.0,0.0,0.0,1.0,0.0,0.0,0.0,0.0,0.0,1.0,0.0,0.0,0.0,1.0,0.0,0.0,0.0,0.0,0.0
-0.3728153568473726,-0.253589803583782,-0.3018658169121472,-0.7470533607075202,-1.4960955573831993,0.16862346971367084,0.0,0.0,0.0,1.0,1.0,0.0,0.0,1.0,0.0,0.0,0.0,0.0,0.0,1.0,0.0,0.0,0.0,0.0,1.0,0.0,0.0,0.0,0.0
1.1102138793889869,0.44518082017139965,1.1790502066616284,3.2533163392831086,2.733353083849964,0.16862346971367084,1.0,0.0,0.0,0.0,1.0,0.0,0.0,1.0,0.0,0.0,0.0,0.0,0.0,1.0,0.0,0.0,0.0,0.0,0.0,1.0,0.0,0.0,0.0
0.08033246533595943,0.17236359922560965,1.021505948834631,-0.009243384550903922,0.6186287632333825,0.16862346971367084,0.0,0.0,0.0,1.0,1.0,0.0,0.0,1.0,0.0,0.0,0.0,0.0,0.0,1.0,0.0,0.0,0.0,0.0,0.0,1.0,0.0,0.0,0.0
0.12152772189808052,-0.11143700821822927,0.6749085816152366,-0.4051414205373809,-0.08627934363881148,-1.0662349883724185,0.0,0.0,0.0,1.0,1.0,0.0,0.0,1.0,0.0,0.0,0.0,0.0,0.0,1.0,0.0,0.0,0.0,0.0,0.0,1.0,0.0,0.0,0.0
-2.0206256193322165,-1.0628255214285363,-0.01828615282355191,-1.0049869296078007,-1.4960955573831993,0.16862346971367084,0.0,0.0,0.0,1.0,1.0,0.0,0.0,0.0,0.0,0.0,1.0,0.0,0.0,1.0,0.0,0.0,0.0,0.0,1.0,0.0,0.0,0.0,0.0
-0.20803433059888823,-0.14880577147595897,1.0530148004000304,0.05673962144684224,0.6186287632333825,0.16862346971367084,0.0,0.0,0.0,1.0,1.0,0.0,0.0,1.0,0.0,0.0,0.0,0.0,0.0,1.0,0.0,0.0,0.0,0.0,0.0,1.0,0.0,0.0,0.0
0.4098945178329282,-0.04440047683358583,0.17076695656884497,0.008751980721208669,-0.08627934363881148,0.16862346971367084,0.0,0.0,0.0,1.0,1.0,0.0,0.0,1.0,0.0,0.0,0.0,0.0,0.0,1.0,0.0,0.0,0.0,0.0,1.0,0.0,0.0,0.0,0.0
-0.4140106134094937,0.18460944394182513,-1.9088172467475206,-0.15920476181850884,0.6186287632333825,0.16862346971367084,1.0,0.0,0.0,0.0,1.0,0.0,0.0,1.0,0.0,0.0,0.0,0.0,0.0,1.0,0.0,0.0,0.0,1.0,0.0,0.0,0.0,0.0,0.0
1.645752214696561,0.6344233070745645,1.1160325035308294,3.1099532626152784,1.3235368701055763,-1.0662349883724185,1.0,0.0,0.0,0.0,1.0,0.0,0.0,1.0,0.0,0.0,0.0,0.0,0.0,1.0,0.0,0.0,0.0,0.0,0.0,1.0,0.0,0.0,0.0
-0.4140106134094937,0.28131374345338234,-0.9320428482201368,-1.2089344026917432,-1.4960955573831993,-1.0662349883724185,0.0,0.0,0.0,1.0,1.0,0.0,0.0,0.0,1.0,0.0,0.0,0.0,0.0,1.0,0.0,0.0,0.0,1.0,0.0,0.0,0.0,0.0,0.0
-0.7435726659064624,-0.46858643813754436,-0.7429897388277399,-1.202935947601039,-1.4960955573831993,-1.0662349883724185,0.0,0.0,0.0,1.0,1.0,0.0,0.0,1.0,0.0,0.0,0.0,0.0,0.0,1.0,0.0,0.0,0.0,0.0,0.0,0.0,1.0,0.0,0.0
-1.1143299749655524,-0.8763604426053379,1.0845236519654298,-0.16232395846567502,0.6186287632333825,-1.0662349883724185,0.0,0.0,0.0,1.0,1.0,0.0,0.0,0.0,0.0,0.0,0.0,1.0,0.0,1.0,0.0,0.0,0.0,0.0,0.0,1.0,0.0,0.0,0.0
-0.8259631790307046,-0.5935698017360321,-3.106153606232701,-0.7050641750725908,1.3235368701055763,1.4034819277997603,0.0,0.0,0.0,1.0,1.0,0.0,0.0,1.0,0.0,0.0,0.0,0.0,0.0,1.0,0.0,0.0,0.0,1.0,0.0,0.0,0.0,0.0,0.0
0.7806518268920181,0.3167888193838622,0.7379262847460356,0.9745032503245844,1.3235368701055763,-1.0662349883724185,0.0,0.0,0.0,1.0,1.0,0.0,0.0,1.0,0.0,0.0,0.0,0.0,0.0,1.0,0.0,0.0,0.0,0.0,0.0,1.0,0.0,0.0,0.0
0.49228503095717036,-0.06308485846245067,0.832452839442234,2.006237525925706,1.3235368701055763,0.16862346971367084,0.0,0.0,0.0,1.0,1.0,0.0,0.0,1.0,0.0,0.0,0.0,0.0,0.0,1.0,0.0,0.0,0.0,0.0,0.0,1.0,0.0,0.0,0.0
-0.0020580477882827593,-0.09868618021474719,-0.1758304106505493,-0.4891197918072397,-0.7911874505110054,-1.0662349883724185,0.0,0.0,0.0,1.0,1.0,0.0,0.0,1.0,0.0,0.0,0.0,0.0,0.0,0.0,0.0,1.0,0.0,0.0,1.0,0.0,0.0,0.0,0.0
0.49228503095717036,-0.06586226654241706,0.895470542573033,1.874271513930214,1.3235368701055763,0.16862346971367084,0.0,0.0,0.0,1.0,1.0,0.0,0.0,1.0,0.0,0.0,0.0,0.0,0.0,1.0,0.0,0.0,0.0,0.0,0.0,1.0,0.0,0.0,0.0
-0.4140106134094937,0.061646013492403805,-2.0978703561399175,-0.2791738636325928,-0.7911874505110054,0.16862346971367084,0.0,0.0,0.0,1.0,1.0,0.0,0.0,1.0,0.0,0.0,0.0,0.0,0.0,1.0,0.0,0.0,0.0,0.0,0.0,1.0,0.0,0.0,0.0
-0.7847679224685835,-0.4837359367555429,-1.2471313638741317,-0.6102885846394644,0.6186287632333825,-1.0662349883724185,0.0,0.0,0.0,1.0,1.0,0.0,0.0,1.0,0.0,0.0,0.0,0.0,0.0,1.0,0.0,0.0,0.0,1.0,0.0,0.0,0.0,0.0,0.0
-0.4140106134094937,-0.40041369435655105,-1.1210959576125337,-1.1549483068754056,-0.08627934363881148,-1.0662349883724185,0.0,0.0,0.0,1.0,1.0,0.0,0.0,0.0,1.0,0.0,0.0,0.0,0.0,1.0,0.0,0.0,0.0,0.0,1.0,0.0,0.0,0.0,0.0
-0.4140106134094937,-0.574632928463534,-1.593728731093526,-1.1369529416032929,-0.7911874505110054,-1.0662349883724185,0.0,0.0,0.0,1.0,1.0,0.0,0.0,1.0,0.0,0.0,0.0,0.0,0.0,1.0,0.0,0.0,0.0,1.0,0.0,0.0,0.0,0.0,0.0
-0.20803433059888823,-0.23061306401315096,0.7379262847460356,0.1527149028981094,-0.08627934363881148,0.16862346971367084,0.0,0.0,0.0,1.0,1.0,0.0,0.0,1.0,0.0,0.0,0.0,0.0,0.0,1.0,0.0,0.0,0.0,0.0,0.0,1.0,0.0,0.0,0.0
-0.9083536921549469,0.0862639487466514,1.021505948834631,0.6145959448823326,1.3235368701055763,0.16862346971367084,0.0,1.0,0.0,0.0,1.0,0.0,0.0,1.0,0.0,0.0,0.0,0.0,0.0,0.0,0.0,1.0,0.0,0.0,0.0,1.0,0.0,0.0,0.0
-1.2791110012140368,-0.5760216325035172,0.7694351363114351,0.6685820406986703,1.3235368701055763,-1.0662349883724185,1.0,0.0,0.0,0.0,1.0,0.0,0.0,0.0,0.0,0.0,0.0,1.0,0.0,1.0,0.0,0.0,0.0,0.0,0.0,1.0,0.0,0.0,0.0
0.9454328531405024,0.1525430052003949,-0.08130385595435087,0.7585588670592333,0.6186287632333825,0.16862346971367084,0.0,0.0,0.0,1.0,1.0,0.0,0.0,1.0,0.0,0.0,0.0,0.0,0.0,0.0,0.0,1.0,0.0,0.0,1.0,0.0,0.0,0.0,0.0
0.7806518268920181,0.09194501072840085,-0.6169543325661421,-0.5143133031881973,-0.7911874505110054,1.4034819277997603,0.0,0.0,0.0,1.0,1.0,0.0,0.0,1.0,0.0,0.0,0.0,0.0,0.0,0.0,0.0,1.0,0.0,0.0,1.0,0.0,0.0,0.0,0.0
-0.4140106134094937,-0.5253970579550388,-1.7512729889205232,-0.8802190637211533,-2.201003664255393,0.16862346971367084,0.0,0.0,0.0,1.0,1.0,0.0,0.0,1.0,0.0,0.0,0.0,0.0,0.0,0.0,1.0,0.0,0.0,0.0,1.0,0.0,0.0,0.0,0.0
-0.4140106134094937,-0.020918753975688126,-1.530711027962727,-1.076968390696251,-2.201003664255393,0.16862346971367084,0.0,0.0,0.0,1.0,1.0,0.0,0.0,1.0,0.0,0.0,0.0,0.0,0.0,0.0,0.0,1.0,0.0,1.0,0.0,0.0,0.0,0.0,0.0
0.9042375965783813,-0.004001813852256446,0.8009439878768345,1.0679591806377557,0.6186287632333825,0.16862346971367084,1.0,0.0,0.0,0.0,1.0,0.0,0.0,1.0,0.0,0.0,0.0,0.0,0.0,1.0,0.0,0.0,0.0,0.0,0.0,1.0,0.0,0.0,0.0
-0.4140106134094937,-0.3473904491935562,-1.2471313638741317,-0.3811476001745641,0.6186287632333825,0.16862346971367084,0.0,0.0,0.0,1.0,0.0,1.0,0.0,1.0,0.0,0.0,0.0,0.0,0.0,1.0,0.0,0.0,0.0,1.0,0.0,0.0,0.0,0.0,0.0
-1.1967204880897946,-0.6348521854700782,0.958488245703832,1.2624290946783858,1.3235368701055763,-3.5359519045445973,0.0,0.0,0.0,1.0,1.0,0.0,0.0,0.0,0.0,0.0,0.0,1.0,0.0,1.0,0.0,0.0,0.0,0.0,0.0,1.0,0.0,0.0,0.0
-0.6199868962200992,-0.18011473528648922,-1.8773083951821212,-0.6090888936213236,-0.7911874505110054,1.4034819277997603,0.0,0.0,0.0,1.0,1.0,0.0,0.0,1.0,0.0,0.0,0.0,0.0,0.0,1.0,0.0,0.0,0.0,0.0,0.0,1.0,0.0,0.0,0.0
-0.7435726659064624,-0.1528456377740919,-0.8060074419585389,-0.8130363667052662,-0.08627934363881148,0.16862346971367084,0.0,0.0,0.0,1.0,1.0,0.0,0.0,1.0,0.0,0.0,0.0,0.0,0.0,1.0,0.0,0.0,0.0,0.0,1.0,0.0,0.0,0.0,0.0
-0.7435726659064624,-0.5342342654822047,-0.9320428482201368,-1.3708926901407565,-0.7911874505110054,0.16862346971367084,0.0,0.0,0.0,1.0,1.0,0.0,0.0,1.0,0.0,0.0,0.0,0.0,0.0,1.0,0.0,0.0,0.0,0.0,1.0,0.0,0.0,0.0,0.0
0.45108977439504927,0.23851640985753653,0.6118908784844377,-0.7470533607075202,-0.08627934363881148,0.16862346971367084,0.0,0.0,0.0,1.0,1.0,0.0,0.0,0.0,0.0,1.0,0.0,0.0,0.0,1.0,0.0,0.0,0.0,0.0,1.0,0.0,0.0,0.0,0.0
-0.7847679224685835,-0.4837359367555429,-1.3101490670049305,-0.5850950732585068,0.6186287632333825,-1.0662349883724185,0.0,0.0,0.0,1.0,1.0,0.0,0.0,1.0,0.0,0.0,0.0,0.0,0.0,1.0,0.0,0.0,0.0,1.0,0.0,0.0,0.0,0.0,0.0
1.23379964907535,0.9529415155179833,-0.36488352004294616,1.850277693567397,0.6186287632333825,0.16862346971367084,0.0,0.0,0.0,1.0,1.0,0.0,0.0,1.0,0.0,0.0,0.0,0.0,0.0,1.0,0.0,0.0,0.0,0.0,0.0,1.0,0.0,0.0,0.0
3.705515042802616,0.7159781079681232,0.8009439878768345,6.769010867944838,2.733353083849964,1.4034819277997603,1.0,0.0,0.0,0.0,1.0,0.0,0.0,1.0,0.0,0.0,0.0,0.0,0.0,0.0,0.0,1.0,0.0,0.0,0.0,1.0,0.0,0.0,0.0
-0.0020580477882827593,0.07805797032856887,-1.215622512308732,1.6103394899392292,1.3235368701055763,0.16862346971367084,0.0,0.0,0.0,1.0,0.0,1.0,0.0,1.0,0.0,0.0,0.0,0.0,0.0,0.0,0.0,1.0,0.0,0.0,1.0,0.0,0.0,0.0,0.0
-0.0020580477882827593,-0.28426753828522905,0.04473155030724705,-0.8190348217959705,-0.7911874505110054,0.16862346971367084,0.0,0.0,0.0,1.0,1.0,0.0,0.0,1.0,0.0,0.0,0.0,0.0,0.0,1.0,0.0,0.0,0.0,0.0,1.0,0.0,0.0,0.0,0.0
0.4098945178329282,0.8509348914901267,0.23378465969964393,0.8305403281476836,0.6186287632333825,2.63834038588585,1.0,0.0,0.0,0.0,1.0,0.0,0.0,1.0,0.0,0.0,0.0,0.0,0.0,1.0,0.0,0.0,0.0,0.0,1.0,0.0,0.0,0.0,0.0
0.12152772189808052,-0.12141042814174496,1.1160325035308294,0.28947967896616505,0.6186287632333825,-1.0662349883724185,1.0,0.0,0.0,0.0,1.0,0.0,0.0,1.0,0.0,0.0,0.0,0.0,0.0,1.0,0.0,0.0,0.0,0.0,0.0,1.0,0.0,0.0,0.0
-0.4140106134094937,-0.3473904491935562,-0.6169543325661421,-0.5515037247505633,-0.7911874505110054,0.16862346971367084,0.0,0.0,0.0,1.0,1.0,0.0,0.0,1.0,0.0,0.0,0.0,0.0,0.0,1.0,0.0,0.0,0.0,0.0,1.0,0.0,0.0,0.0,0.0
0.8218470834541391,-0.574632928463534,-0.5224277778699435,-0.7650487259796327,-0.7911874505110054,-1.0662349883724185,0.0,0.0,0.0,1.0,1.0,0.0,0.0,1.0,0.0,0.0,0.0,0.0,0.0,1.0,0.0,0.0,0.0,0.0,1.0,0.0,0.0,0.0,0.0
-0.0020580477882827593,-0.28426753828522905,-0.14432155908514982,-0.3091661390861138,-0.08627934363881148,1.4034819277997603,0.0,0.0,0.0,1.0,1.0,0.0,0.0,1.0,0.0,0.0,0.0,0.0,0.0,1.0,0.0,0.0,0.0,0.0,1.0,0.0,0.0,0.0,0.0
-0.0020580477882827593,-0.10752338774191299,-0.36488352004294616,-0.6390811690748446,-0.08627934363881148,-1.0662349883724185,0.0,0.0,0.0,1.0,1.0,0.0,0.0,1.0,0.0,0.0,0.0,0.0,0.0,0.0,0.0,1.0,0.0,0.0,1.0,0.0,0.0,0.0,0.0
0.6158708006435336,0.1418121103459793,-0.04979500438895139,0.3134734993289819,-0.08627934363881148,1.4034819277997603,0.0,0.0,0.0,1.0,1.0,0.0,0.0,1.0,0.0,0.0,0.0,0.0,0.0,1.0,0.0,0.0,0.0,0.0,1.0,0.0,0.0,0.0,0.0
-0.8259631790307046,-0.17064629865024017,-1.0580782544817346,-0.7350564505261117,-0.08627934363881148,0.16862346971367084,0.0,0.0,0.0,1.0,1.0,0.0,0.0,1.0,0.0,0.0,0.0,0.0,0.0,1.0,0.0,0.0,0.0,1.0,0.0,0.0,0.0,0.0,0.0
2.6344383721874673,1.19003116888966,1.0845236519654298,1.6703240408462712,0.6186287632333825,1.4034819277997603,1.0,0.0,0.0,0.0,1.0,0.0,0.0,1.0,0.0,0.0,0.0,0.0,0.0,1.0,0.0,0.0,0.0,0.0,0.0,1.0,0.0,0.0,0.0
-0.4964011265337359,0.8607820655918257,0.8639616910076335,0.4826299328868402,0.6186287632333825,1.4034819277997603,0.0,1.0,0.0,0.0,1.0,0.0,0.0,1.0,0.0,0.0,0.0,0.0,0.0,1.0,0.0,0.0,0.0,0.0,0.0,1.0,0.0,0.0,0.0
-2.0206256193322165,-1.003742476818342,-0.01828615282355191,-1.2689189535987853,-1.4960955573831993,0.16862346971367084,0.0,0.0,0.0,1.0,1.0,0.0,0.0,0.0,0.0,0.0,1.0,0.0,0.0,1.0,0.0,0.0,0.0,0.0,1.0,0.0,0.0,0.0,0.0
-0.20803433059888823,-0.11787554513087865,1.1475413550962288,-0.014761963234351782,0.6186287632333825,0.16862346971367084,1.0,0.0,0.0,0.0,1.0,0.0,0.0,1.0,0.0,0.0,0.0,0.0,0.0,0.0,0.0,1.0,0.0,0.0,0.0,1.0,0.0,0.0,0.0
0.4098945178329282,0.9403169333363179,0.20227580813424445,-0.2491815881790718,-0.7911874505110054,0.16862346971367084,0.0,0.0,0.0,1.0,0.0,1.0,0.0,1.0,0.0,0.0,0.0,0.0,0.0,1.0,0.0,0.0,0.0,0.0,1.0,0.0,0.0,0.0,0.0
0.327504004708686,0.21377222878147226,1.0845236519654298,0.9505094299617676,0.6186287632333825,0.16862346971367084,0.0,0.0,0.0,1.0,1.0,0.0,0.0,1.0,0.0,0.0,0.0,0.0,0.0,1.0,0.0,0.0,0.0,0.0,0.0,1.0,0.0,0.0,0.0
-0.6611821527822203,-0.29840707032869435,-1.593728731093526,0.2318945100954048,0.6186287632333825,1.4034819277997603,0.0,0.0,0.0,1.0,1.0,0.0,0.0,1.0,0.0,0.0,0.0,0.0,0.0,1.0,0.0,0.0,0.0,1.0,0.0,0.0,0.0,0.0,0.0
1.7281427278208032,0.11454301283358197,0.7379262847460356,-0.4291352409001977,-0.7911874505110054,0.16862346971367084,0.0,0.0,0.0,1.0,1.0,0.0,0.0,1.0,0.0,0.0,0.0,0.0,0.0,1.0,0.0,0.0,0.0,0.0,0.0,1.0,0.0,0.0,0.0
0.12152772189808052,-0.15044696715957545,-0.36488352004294616,-0.39314451035597253,-0.08627934363881148,0.16862346971367084,0.0,0.0,0.0,1.0,1.0,0.0,0.0,1.0,0.0,0.0,0.0,0.0,0.0,0.0,0.0,1.0,0.0,0.0,1.0,0.0,0.0,0.0,0.0
4.282248634672311,0.6547488843870458,0.7694351363114351,2.6660675859031677,1.3235368701055763,1.4034819277997603,1.0,0.0,0.0,0.0,1.0,0.0,0.0,1.0,0.0,0.0,0.0,0.0,0.0,1.0,0.0,0.0,0.0,0.0,0.0,1.0,0.0,0.0,0.0
-0.6199868962200992,-0.291589795950595,-1.6567464342243248,0.1101258717541096,0.6186287632333825,0.16862346971367084,0.0,0.0,0.0,1.0,1.0,0.0,0.0,1.0,0.0,0.0,0.0,0.0,0.0,1.0,0.0,0.0,0.0,1.0,0.0,0.0,0.0,0.0,0.0
-0.0020580477882827593,-0.20927752012613637,0.01322269874184757,-0.6930672648911823,-1.4960955573831993,0.16862346971367084,0.0,0.0,0.0,1.0,1.0,0.0,0.0,1.0,0.0,0.0,0.0,0.0,0.0,1.0,0.0,0.0,0.0,0.0,1.0,0.0,0.0,0.0,0.0
-1.485087284024642,-0.8485863618056739,0.895470542573033,-0.09922021091146688,-0.08627934363881148,0.16862346971367084,0.0,0.0,0.0,1.0,1.0,0.0,0.0,0.0,0.0,0.0,0.0,1.0,0.0,1.0,0.0,0.0,0.0,0.0,0.0,1.0,0.0,0.0,0.0
-0.4140106134094937,-0.1777160646719728,-0.6484631841315415,-1.054174261351575,-2.201003664255393,-1.0662349883724185,0.0,0.0,0.0,1.0,1.0,0.0,0.0,0.0,0.0,1.0,0.0,0.0,0.0,1.0,0.0,0.0,0.0,0.0,0.0,0.0,1.0,0.0,0.0
2.2224858065662563,0.19698153447985725,-0.36488352004294616,-0.045234115095129104,-0.08627934363881148,-1.0662349883724185,1.0,0.0,0.0,0.0,1.0,0.0,0.0,1.0,0.0,0.0,0.0,0.0,0.0,1.0,0.0,0.0,0.0,0.0,1.0,0.0,0.0,0.0,0.0
-0.0020580477882827593,-0.305098098884977,-0.3963923716083457,-0.7290579954354075,-0.7911874505110054,-1.0662349883724185,1.0,0.0,0.0,0.0,1.0,0.0,0.0,1.0,0.0,0.0,0.0,0.0,0.0,1.0,0.0,0.0,0.0,0.0,1.0,0.0,0.0,0.0,0.0
-0.0020580477882827593,-0.19589546301357103,0.958488245703832,0.5546113939752906,1.3235368701055763,0.16862346971367084,0.0,0.0,0.0,1.0,1.0,0.0,0.0,1.0,0.0,0.0,0.0,0.0,0.0,1.0,0.0,0.0,0.0,0.0,0.0,1.0,0.0,0.0,0.0
-1.2379157446519156,-0.6503804215535266,-1.7197641373551238,-0.8502267882676323,-1.4960955573831993,-1.0662349883724185,0.0,0.0,0.0,1.0,1.0,0.0,0.0,1.0,0.0,0.0,0.0,0.0,0.0,1.0,0.0,0.0,0.0,0.0,1.0,0.0,0.0,0.0,0.0
-0.8259631790307046,-0.10752338774191299,-1.278640215439531,-1.2149328577824474,-0.7911874505110054,-1.0662349883724185,0.0,0.0,0.0,1.0,1.0,0.0,0.0,1.0,0.0,0.0,0.0,0.0,0.0,1.0,0.0,0.0,0.0,1.0,0.0,0.0,0.0,0.0,0.0
0.8218470834541391,0.7320113273388382,-0.553936629435343,-0.28517231872329696,-0.7911874505110054,-1.0662349883724185,0.0,0.0,0.0,1.0,1.0,0.0,0.0,0.0,1.0,0.0,0.0,0.0,0.0,0.0,0.0,1.0,0.0,0.0,1.0,0.0,0.0,0.0,0.0
-1.0731347184034312,-0.050965259568051854,1.021505948834631,0.6745804957893745,0.6186287632333825,0.16862346971367084,1.0,0.0,0.0,0.0,1.0,0.0,0.0,1.0,0.0,0.0,0.0,0.0,0.0,1.0,0.0,0.0,0.0,0.0,0.0,1.0,0.0,0.0,0.0
-0.4140106134094937,-0.4579817891049454,-1.3731667701357295,-1.3468988697779398,-1.4960955573831993,-2.3010934464585078,1.0,0.0,0.0,0.0,1.0,0.0,0.0,1.0,0.0,0.0,0.0,0.0,0.0,1.0,0.0,0.0,0.0,1.0,0.0,0.0,0.0,0.0,0.0
1.3573854187617134,0.40061604507012066,0.6433997300498372,0.6865774059707829,0.6186287632333825,1.4034819277997603,1.0,0.0,0.0,0.0,1.0,0.0,0.0,1.0,0.0,0.0,0.0,0.0,0.0,1.0,0.0,0.0,0.0,0.0,0.0,1.0,0.0,0.0,0.0
1.0278233662647447,0.46702134734568085,0.07624040187264652,0.7585588670592333,0.6186287632333825,0.16862346971367084,1.0,0.0,0.0,0.0,1.0,0.0,0.0,1.0,0.0,0.0,0.0,0.0,0.0,1.0,0.0,0.0,0.0,0.0,1.0,0.0,0.0,0.0,0.0
-0.8259631790307046,-0.03960313560455297,-1.6252375826589254,-0.14120939654639625,-0.08627934363881148,1.4034819277997603,0.0,0.0,0.0,1.0,1.0,0.0,0.0,1.0,0.0,0.0,0.0,0.0,0.0,1.0,0.0,0.0,0.0,0.0,0.0,1.0,0.0,0.0,0.0
-0.7023774093443413,-0.7536495037995499,1.1160325035308294,1.0052273372991714,1.3235368701055763,-2.3010934464585078,0.0,0.0,0.0,1.0,1.0,0.0,0.0,0.0,0.0,0.0,0.0,1.0,0.0,0.0,0.0,1.0,0.0,0.0,0.0,1.0,0.0,0.0,0.0
0.49228503095717036,-0.0002144391977568158,0.7694351363114351,1.3104167354040195,0.6186287632333825,1.4034819277997603,1.0,0.0,0.0,0.0,1.0,0.0,0.0,1.0,0.0,0.0,0.0,0.0,0.0,1.0,0.0,0.0,0.0,0.0,0.0,1.0,0.0,0.0,0.0
-0.7435726659064624,-0.4620216554030783,-1.278640215439531,-1.076968390696251,-0.08627934363881148,-1.0662349883724185,0.0,0.0,0.0,1.0,1.0,0.0,0.0,1.0,0.0,0.0,0.0,0.0,0.0,1.0,0.0,0.0,0.0,1.0,0.0,0.0,0.0,0.0,0.0
-1.2379157446519156,-0.7575631242758661,1.2105590582270278,-0.19519549236273404,-0.08627934363881148,-1.0662349883724185,0.0,0.0,0.0,1.0,1.0,0.0,0.0,0.0,0.0,0.0,0.0,1.0,0.0,1.0,0.0,0.0,0.0,0.0,0.0,1.0,0.0,0.0,0.0
1.23379964907535,0.7133269457099735,-0.36488352004294616,1.298419825222611,0.6186287632333825,-2.3010934464585078,1.0,0.0,0.0,0.0,1.0,0.0,0.0,1.0,0.0,0.0,0.0,0.0,0.0,1.0,0.0,0.0,0.0,0.0,1.0,0.0,0.0,0.0,0.0
1.3985806753238346,0.45023065304406584,1.1790502066616284,3.649814220778656,2.02844497697777,1.4034819277997603,0.0,0.0,0.0,1.0,1.0,0.0,0.0,1.0,0.0,0.0,0.0,0.0,0.0,0.0,0.0,1.0,0.0,0.0,0.0,1.0,0.0,0.0,0.0
0.9454328531405024,0.2623768701808842,1.1475413550962288,1.6463302204834545,1.3235368701055763,0.16862346971367084,0.0,0.0,0.0,1.0,1.0,0.0,0.0,1.0,0.0,0.0,0.0,0.0,0.0,0.0,0.0,1.0,0.0,0.0,0.0,1.0,0.0,0.0,0.0
0.9042375965783813,0.22879548157765414,0.895470542573033,1.3104167354040195,1.3235368701055763,1.4034819277997603,1.0,0.0,0.0,0.0,1.0,0.0,0.0,1.0,0.0,0.0,0.0,0.0,0.0,1.0,0.0,0.0,0.0,0.0,0.0,1.0,0.0,0.0,0.0
-1.361501514338279,-0.6964601465166054,1.0530148004000304,-0.2983689199228462,-0.08627934363881148,-2.3010934464585078,0.0,0.0,0.0,1.0,1.0,0.0,0.0,0.0,0.0,0.0,0.0,1.0,0.0,1.0,0.0,0.0,0.0,0.0,0.0,1.0,0.0,0.0,0.0
